seed,method,cosine_similarity,feature_cosine_similarity,state_overlap_abs,train_rmse,test_rmse,train_r2,test_r2,relative_residual,final_objective,objective_evaluations,cg_iterations,runtime_seconds_method,runtime_seconds_seed_total
0,cg,1.0000000000000002,1.0000000000000002,1.0000000000000002,0.104287239084196,0.09964290872495236,0.9993647996405239,0.9994443814698444,3.818728395309231e-10,-7.758937567183018,1000.0,1000.0,0.0025792699307203293,0.025093046948313713
1,cg,0.9999999999999999,0.9999999999999999,1.0,0.10219514525131028,0.09966254620066095,0.9991325576320441,0.9992299055867654,3.188629291228813e-10,-7.341119815026991,1000.0,1000.0,0.0022552628070116043,0.023201411589980125
2,cg,1.0000000000000002,1.0000000000000002,1.0,0.0988924950490185,0.1174783462485188,0.999385907801588,0.999142584546436,1.7140429224288318e-09,-7.627429913189365,1000.0,1000.0,0.002265302464365959,0.023197172209620476
3,cg,1.0,1.0,1.0,0.09046641444651023,0.09253043462709741,0.9994075303899882,0.9993591907695141,7.039915976549433e-10,-7.483741788015083,1000.0,1000.0,0.0022871047258377075,0.023287566378712654
4,cg,1.0,1.0,1.0,0.0848247375447953,0.10697045508349623,0.9996443222138459,0.9992591687221993,1.6181382596148056e-09,-7.88888455501767,1000.0,1000.0,0.0022932570427656174,0.023284897208213806
5,cg,1.0000000000000002,1.0000000000000002,1.0,0.0973654674346302,0.11874789247582684,0.9995466581933823,0.9993019673084527,1.9005292040207276e-10,-7.896305480075984,1000.0,1000.0,0.0022972654551267624,0.023177795112133026
6,cg,1.0000000000000002,1.0000000000000002,1.0,0.09449762927708738,0.09838605191344595,0.9991050048906605,0.9992060402686156,1.2871870675127868e-09,-7.147290722575741,1000.0,1000.0,0.002269761636853218,0.023289740085601807
7,cg,0.9999999999999998,0.9999999999999998,1.0,0.09536428144589598,0.08957035011277446,0.9995417376151632,0.9995163941970907,4.299707905607525e-10,-7.835648930445369,1000.0,1000.0,0.002300051972270012,0.023228131234645844
8,cg,1.0,1.0,1.0,0.08592539728843604,0.0909634170090288,0.998502057697786,0.9982153894829503,7.957610040190639e-10,-6.454817076228285,1000.0,1000.0,0.0023038480430841446,0.02319646067917347
9,cg,0.9999999999999999,0.9999999999999999,0.9999999999999999,0.095627596426049,0.09956458367470357,0.9992459643618005,0.9990057745085481,2.455647249852459e-10,-7.363070145620869,1000.0,1000.0,0.002296293154358864,0.023349372670054436
10,cg,0.9999999999999998,0.9999999999999998,1.0,0.08109925858875386,0.09795207216810506,0.9992808887763296,0.9994338825238717,4.083581805305604e-10,-7.122340372244197,1000.0,1000.0,0.002300199121236801,0.023223692551255226
11,cg,1.0000000000000002,1.0000000000000002,0.9999999999999999,0.0916290166581321,0.10836205446542649,0.9993811630498997,0.999127624749147,5.593747845785787e-10,-7.437818768435902,1000.0,1000.0,0.0022785887122154236,0.02322137914597988
12,cg,1.0000000000000002,1.0000000000000002,1.0,0.0895497233962001,0.10056181868560968,0.9993419187133934,0.9991800029803025,6.987835840062822e-10,-7.371245456769346,1000.0,1000.0,0.0023994743824005127,0.040574273094534874
13,cg,1.0,1.0,1.0,0.09398304629772582,0.1297283163051844,0.9995839339069685,0.9991808963015244,2.4352947466130973e-10,-7.899079965973263,1000.0,1000.0,0.0023408588021993637,0.02324444241821766
14,cg,0.9999999999999999,0.9999999999999999,1.0,0.10267239124793333,0.10087637209039255,0.9991275653762481,0.9993957298566681,7.34984858758675e-10,-7.416283563992281,1000.0,1000.0,0.0023052506148815155,0.02326696366071701
15,cg,0.9999999999999998,0.9999999999999998,0.9999999999999999,0.09134147446279442,0.1053818270248393,0.9991067040868452,0.9988204646739041,4.805299719953035e-10,-7.103663730653078,1000.0,1000.0,0.0022982358932495117,0.023430434986948967
16,cg,1.0,1.0,0.9999999999999997,0.09396203472258714,0.11321633917928771,0.9993258726354902,0.9992405821066844,7.281369826601846e-10,-7.457281041109644,1000.0,1000.0,0.0023162104189395905,0.023237572982907295
17,cg,1.0000000000000002,1.0000000000000002,1.0,0.08753884248862626,0.10627539502585316,0.9993682343872463,0.998889627190957,9.86401311526794e-10,-7.32441706577438,1000.0,1000.0,0.0023002810776233673,0.023248668760061264
18,cg,1.0000000000000002,1.0000000000000002,1.0000000000000002,0.09235465846506913,0.08625147341019716,0.999432151662789,0.9997233015046572,3.5882141016248896e-10,-7.550961043577237,1000.0,1000.0,0.0023005902767181396,0.02340696193277836
19,cg,1.0000000000000002,1.0000000000000002,1.0,0.08356606759197427,0.10967245682470357,0.9995158523644222,0.9991158410675149,1.1989212195338619e-09,-7.51640657707727,1000.0,1000.0,0.0023170113563537598,0.0232650525867939
