category,method,metric,mean,std,n_valid
method_metric,vqbr,cosine_similarity,0.959292968615814,0.025711813745603048,20
method_metric,vqbr,feature_cosine_similarity,-0.00547804505637467,0.9596218463666768,20
method_metric,vqbr,state_overlap_abs,0.9592929686158153,0.025711813745602566,20
method_metric,vqbr,train_rmse,0.8857559146939977,0.32133149322038457,20
method_metric,vqbr,test_rmse,1.0146705779114351,0.36821368321792997,20
method_metric,vqbr,train_r2,0.9357440259136341,0.038629555492357776,20
method_metric,vqbr,test_r2,0.917221555087808,0.056922413101455516,20
method_metric,vqbr,t_hat,-0.08598526245776099,3.622283017490267,20
method_metric,vqbr,final_objective,-7.382470344236957,0.3415845590144417,20
method_metric,closed_form,train_rmse,0.09285714583706758,0.006229820497105436,20
method_metric,closed_form,test_rmse,0.1035897557234761,0.010444312177826631,20
method_metric,closed_form,train_r2,0.9993170412700836,0.0002435844540127286,20
method_metric,closed_form,test_r2,0.9991894374886436,0.0003025071604733978,20
runtime_seconds,runtime,prior_estimation,0.0017590772360563279,2.5983374249415758e-05,20
runtime_seconds,runtime,closed_form_fit,0.00014372747391462327,1.3683837859949834e-05,20
runtime_seconds,runtime,vqbr_fit,752.6771549040452,1.4697023613647433,20
runtime_seconds,runtime,total,754.187311092671,1.4840088490235261,20
iterations,vqbr,vqbr_objective_evaluations,1000.0,0.0,20
iterations,vqbr,vqbr_optimizer_nfev,1000.0,0.0,20
iterations,vqbr,vqbr_optimizer_iterations,nan,nan,0
