seed,method,cosine_similarity,feature_cosine_similarity,state_overlap_abs,train_mse,test_mse,train_rmse,test_rmse,train_r2,test_r2,t_hat,final_objective,objective_evaluations,optimizer_nfev,optimizer_iterations,runtime_seconds_method,runtime_seconds_seed_total
0,vqbr,0.46867618086259777,-0.4686761808625978,0.4678021564429463,0.00011825002939392856,0.00013226837531075868,0.010874282936999964,0.011500798898805191,0.46464719892198303,0.41181214929109444,-8.06152221630227,-5.736012980106578,3000.0,3000.0,nan,12217.5559298601,12225.794556722045
0,closed_form,nan,nan,nan,3.2700128589763995e-05,3.186008170613148e-05,0.005718402625713233,0.005644473554383214,0.8519568618640839,0.8583205324922796,nan,nan,nan,nan,nan,0.00019352510571479797,12225.794556722045
1,vqbr,0.17047198228644972,-0.17047198228644975,0.16262870744274802,9.530204115089354e-05,0.00010205482536994708,0.00976227643282516,0.010102218833996177,0.5696786690025166,0.5509792616787306,-12.119459131345426,-5.895425412546907,3000.0,3000.0,nan,12279.220934288576,12287.401946272701
1,closed_form,nan,nan,nan,3.211845068431014e-05,3.923300563967877e-05,0.005667314239065109,0.006263625598619283,0.8549742032684702,0.8273826534411106,nan,nan,nan,nan,nan,0.00015200860798358917,12287.401946272701
2,vqbr,-0.09735167206099227,-0.09735167206099228,0.09734013691089459,0.0001276509924186126,0.00014770657954984794,0.011298273868986032,0.012153459571243405,0.4166479012575339,0.34706312705544584,7.541997436343807,-5.630581941145396,3000.0,3000.0,nan,12296.813820144162,12305.002224059775
2,closed_form,nan,nan,nan,3.3826224011685284e-05,3.299770182490993e-05,0.005816031637782353,0.005744362612588966,0.8454175843377758,0.854133672923877,nan,nan,nan,nan,nan,0.00014812126755714417,12305.002224059775
3,vqbr,0.09319340156603631,-0.09319340156603638,0.08454886066026655,7.030042774293062e-05,7.04256935631893e-05,0.008384535034391032,0.00839200176139098,0.6938103526308022,0.6796034466314033,-22.60478290505904,-6.047523588560272,3000.0,3000.0,nan,12299.61473089829,12307.781897353008
3,closed_form,nan,nan,nan,3.485508023056329e-05,3.079869103392077e-05,0.005903819122446359,0.005549656839293829,0.8481906146596032,0.8598836027553117,nan,nan,nan,nan,nan,0.00015302933752536774,12307.781897353008
4,vqbr,0.07538123049671924,-0.07538123049671926,0.07405848770881787,9.189812832583778e-05,0.00010246917217980985,0.009586351147638906,0.010122705773646186,0.5953421791678251,0.5025550406768564,-14.086490769730435,-5.927321753102797,3000.0,3000.0,nan,12286.758875973523,12294.948687989265
4,closed_form,nan,nan,nan,3.378506883498203e-05,3.524529071846238e-05,0.005812492480423697,0.005936774437222824,0.851233179821084,0.82889885967838,nan,nan,nan,nan,nan,0.0001510288566350937,12294.948687989265
5,vqbr,0.016802216956767622,-0.016802216956767632,0.015914183926045614,9.620253098120095e-05,0.00010003810854727615,0.009808288891605964,0.010001905245865717,0.5694589061409644,0.5486679054143799,-13.666487150376685,-5.924635505063799,3000.0,3000.0,nan,12302.71136463806,12311.00686162524
5,closed_form,nan,nan,nan,3.070789694175593e-05,3.957548187962957e-05,0.0055414706479197315,0.006290904694845533,0.8625710633122775,0.821451191047586,nan,nan,nan,nan,nan,0.00015091709792613983,12311.00686162524
6,vqbr,0.11477283180845185,0.11477283180845187,0.11459638251048132,7.625139306472095e-05,0.00010271070435786321,0.008732204364576047,0.010134628969916126,0.6445347582610588,0.5532211513693279,14.323031787035578,-6.018060177352423,3000.0,3000.0,nan,12340.027416570112,12348.306439552456
6,closed_form,nan,nan,nan,3.3300580844693926e-05,3.725281466793174e-05,0.0057706655460781926,0.00610350839009268,0.8447608818115748,0.8379548679989539,nan,nan,nan,nan,nan,0.00014378130435943604,12348.306439552456
7,vqbr,0.09325139486226498,-0.09325139486226497,0.09321757965958583,0.00012153923783491663,0.00011445573021383006,0.01102448356318411,0.010698398488270573,0.4809184622744166,0.45152804823326187,-16.39910556896623,-5.631235134681417,3000.0,3000.0,nan,12353.561707280576,12361.867592679337
7,closed_form,nan,nan,nan,3.523941446769174e-05,3.32633954442605e-05,0.005936279513945729,0.005767442712698627,0.8494960987390402,0.8406017821246847,nan,nan,nan,nan,nan,0.00015739910304546356,12361.867592679337
8,vqbr,-0.4035647699310471,0.4035647699310472,0.401141681961809,8.040058643161563e-05,7.620314296494689e-05,0.008966637409397998,0.008729441159945285,0.6374590418647259,0.6777699600117311,-17.508428119537797,-6.018124496224505,3000.0,3000.0,nan,12336.731398381293,12345.00922302343
8,closed_form,nan,nan,nan,3.412630126588281e-05,3.252868701483288e-05,0.005841772099789824,0.005703392588173541,0.846118262221019,0.8624502912907801,nan,nan,nan,nan,nan,0.000153249129652977,12345.00922302343
9,vqbr,0.04155169340117215,0.04155169340117213,0.041551674886731546,6.940669677837144e-05,6.872225011832519e-05,0.008331068165509837,0.008289888426168665,0.6870013620063021,0.7099391950893661,18.504948452306373,-6.11442601768772,3000.0,3000.0,nan,12348.956481341273,12357.280360989273
9,closed_form,nan,nan,nan,3.1847564464547974e-05,3.45711166835906e-05,0.005643364640402743,0.005879720799799136,0.8563792146361542,0.854083271216584,nan,nan,nan,nan,nan,0.00014368444681167603,12357.280360989273
10,vqbr,0.5637100241569175,-0.5637100241569175,0.5391698222131622,9.210105310632349e-05,9.672620248979196e-05,0.00959692935820221,0.009834948016628861,0.5931971763687316,0.5713417788782953,-13.367800802149008,-5.995875309550956,3000.0,3000.0,nan,12348.044754778966,12356.355368770659
10,closed_form,nan,nan,nan,3.2487440497830793e-05,3.810890859986232e-05,0.005699775477843912,0.006173241336596385,0.8565056307031195,0.8311140461548605,nan,nan,nan,nan,nan,0.0001493748277425766,12356.355368770659
11,vqbr,0.007151510341690809,-0.007151510341690836,0.007084637173081772,0.00013607665823658726,0.0001954474319579684,0.011665190021452169,0.013980251498380435,0.370341952387479,0.1869886019546928,-5.7433025344245925,-5.460504369925934,3000.0,3000.0,nan,12351.594645943493,12359.887257413939
11,closed_form,nan,nan,nan,3.171354423405151e-05,3.5863317065371956e-05,0.005631477979540674,0.0059885989234020305,0.853254124520254,0.85081776079754,nan,nan,nan,nan,nan,0.00015271082520484924,12359.887257413939
12,vqbr,-0.07773543142553112,-0.07773543142553113,0.07772191933728625,0.0001191537059525974,9.98133474596118e-05,0.010915754941945032,0.009990663014015225,0.45922601400591845,0.5373995367911727,10.493361636157168,-5.66340492791441,3000.0,3000.0,nan,12363.023353518918,12371.351106474176
12,closed_form,nan,nan,nan,3.3644751149749055e-05,2.9885211607590624e-05,0.005800409567414102,0.005466736833577287,0.847304739356853,0.8614923446149392,nan,nan,nan,nan,nan,0.000158039852976799,12371.351106474176
13,vqbr,0.7335225102929381,0.7335225102929384,0.7231263753411391,0.00011458076712799602,0.00013157202778040896,0.01070424061426106,0.011470485071713792,0.4676176690865954,0.4197596946898655,12.153552773255948,-5.804877267483677,3000.0,3000.0,nan,12360.958764575422,12369.285509418696
13,closed_form,nan,nan,nan,3.2129563544574026e-05,3.853847483664e-05,0.005668294588725433,0.006207936439481319,0.8507148070322941,0.8300430814768627,nan,nan,nan,nan,nan,0.0001513659954071045,12369.285509418696
14,vqbr,0.6872651431891688,-0.6872651431891689,0.6109867557479138,7.624767615136758e-05,7.082095377037345e-05,0.008731991534087031,0.008415518627534101,0.6630641821351543,0.6715235775230752,-17.464399781386216,-6.100329128080767,3000.0,3000.0,nan,12379.151329705492,12387.43005215004
14,closed_form,nan,nan,nan,3.541173097035169e-05,2.7406499482335224e-05,0.005950775661235406,0.005235121725646427,0.8435167976422148,0.8728852349014941,nan,nan,nan,nan,nan,0.0001544523984193802,12387.43005215004
15,vqbr,0.5658390442265143,0.5658390442265144,0.5597366383108089,0.00010076845901140048,9.843087151515875e-05,0.010038349416682031,0.009921233366631326,0.5391137383931284,0.5802145095731566,14.094379411035543,-5.826004130992752,3000.0,3000.0,nan,12925.335027400404,12934.168148854747
15,closed_form,nan,nan,nan,3.2928253723902166e-05,3.540985061735394e-05,0.005738314536856809,0.005950617666877442,0.8493955359748544,0.8489849649958856,nan,nan,nan,nan,nan,0.00015506334602832794,12934.168148854747
16,vqbr,-0.07241837699908796,0.07241837699908799,0.07240982666242284,7.316267975384035e-05,7.975657261121535e-05,0.008553518559858296,0.008930653537743772,0.6693137441641024,0.6533992264759648,-14.894098772178504,-6.053889880770478,3000.0,3000.0,nan,13013.497312523425,13022.129562867805
16,closed_form,nan,nan,nan,3.06694510040326e-05,4.084681571234181e-05,0.0055380006323611595,0.006391151360462512,0.8613778779674388,0.8224906429855718,nan,nan,nan,nan,nan,0.00014985352754592896,13022.129562867805
17,vqbr,0.1780758328121148,0.1780758328121148,0.17387627406943995,0.00010504328707708117,0.00010403060781015822,0.010249062741396463,0.010199539588146036,0.5465023095856054,0.4983681494319039,13.056046148514302,-5.837377029519132,3000.0,3000.0,nan,13010.79991248995,13019.592126285657
17,closed_form,nan,nan,nan,3.330649674256309e-05,3.4007420103720516e-05,0.005771178106986743,0.005831588128779374,0.8562076666787547,0.836017442954801,nan,nan,nan,nan,nan,0.0001444052904844284,13019.592126285657
18,vqbr,0.3002853560030462,-0.30028535600304623,0.2982608420087567,0.00013350272245692867,0.00014319562082148443,0.01155433781992411,0.011966437265179826,0.42397787060042724,0.3620319155455718,-10.23688806743518,-5.577742071785399,3000.0,3000.0,nan,13022.297084642574,13031.027637399733
18,closed_form,nan,nan,nan,3.397638368228914e-05,3.489301009765907e-05,0.005828926460531917,0.005907030565153618,0.853402623423779,0.8445439414617022,nan,nan,nan,nan,nan,0.0001509878784418106,13031.027637399733
19,vqbr,-0.2717417280356583,0.2717417280356584,0.2717052092834484,0.0001274796828288041,0.0001389225622990229,0.011290690095330937,0.01178654157499234,0.4312399020519647,0.3754166453248541,-9.596421306303776,-5.576822532184786,3000.0,3000.0,nan,13017.68515462242,13026.498534919694
19,closed_form,nan,nan,nan,3.255189743007009e-05,4.03534846510643e-05,0.005705427015576493,0.006352439267798182,0.8547672855792691,0.8185743597073647,nan,nan,nan,nan,nan,0.00013942457735538483,13026.498534919694
