setting_label,display_label,is_analytic,shots,seed,method,cosine_similarity,feature_cosine_similarity,state_overlap_abs,train_rmse,test_rmse,train_r2,test_r2,t_hat,final_objective,objective_evaluations,optimizer_nfev,optimizer_iterations,runtime_seconds_method,runtime_seconds_seed_total
analytic,analytic,True,,0,vqbr,0.9999995174620303,-0.9999995174620304,0.9999995174620302,0.11354389435736015,0.11665555618687751,0.9981963418456095,0.9986425598901465,-2.8194227886766305,-6.910156144211034,300.0,300.0,nan,158.31574372388422,158.3176292795688
analytic,analytic,True,,0,closed_form,nan,nan,nan,0.11363516483420133,0.11570440910503228,0.9981934409955965,0.9986646053317654,nan,nan,nan,nan,nan,0.00018638372421264648,158.3176292795688
analytic,analytic,True,,1,vqbr,0.9999999669188137,0.9999999669188135,0.9999999669188134,0.09819717556232344,0.0981633159691776,0.9987469171995592,0.9986287014207748,2.6964788982326824,-7.102351065385713,300.0,300.0,nan,157.88296055980027,157.88510094955564
analytic,analytic,True,,1,closed_form,nan,nan,nan,0.09821148150683331,0.0982154263946868,0.9987465520599565,0.9986272451146403,nan,nan,nan,nan,nan,0.0001515764743089676,157.88510094955564
analytic,analytic,True,,2,vqbr,0.9999845663668278,0.999984566366828,0.999984566366828,0.09286556507080121,0.09759979967957087,0.9959050090908731,0.9957575815621675,1.3843949095716312,-5.764943356047651,300.0,300.0,nan,157.77564025484025,157.7777576521039
analytic,analytic,True,,2,closed_form,nan,nan,nan,0.09211808241160216,0.09583688704500648,0.9959706656306857,0.995909456210067,nan,nan,nan,nan,nan,0.00013860128819942474,157.7777576521039
analytic,analytic,True,,3,vqbr,0.9999994477509886,-0.9999994477509884,0.9999994477509881,0.10384720116320405,0.11975958402045657,0.9990307173043195,0.9992991935019335,-4.035021938661593,-7.424868547719163,300.0,300.0,nan,157.768839456141,157.77065700478852
analytic,analytic,True,,3,closed_form,nan,nan,nan,0.10373749810815848,0.119813058464348,0.9990327641020583,0.999298567521062,nan,nan,nan,nan,nan,0.00012518838047981262,157.77065700478852
analytic,analytic,True,,4,vqbr,0.9818641296176983,-0.9818641296176982,0.9818641296176981,0.49170454884132697,0.4603421884905319,0.9643564031965084,0.9704272382346617,-2.594420513537042,-6.835526126821596,300.0,300.0,nan,156.88988083787262,156.8934160824865
analytic,analytic,True,,4,closed_form,nan,nan,nan,0.08587546286926898,0.09147887914514655,0.9989127954729582,0.9988321905156683,nan,nan,nan,nan,nan,0.00021011009812355042,156.8934160824865
analytic,analytic,True,,5,vqbr,0.9993157346412176,0.9993157346412177,0.9993157346412176,0.1090045023658956,0.13486668051371917,0.9961940683599964,0.9923688258775194,1.7353868051694759,-6.037057966144371,300.0,300.0,nan,157.38375450111926,157.3855052664876
analytic,analytic,True,,5,closed_form,nan,nan,nan,0.08636846906281936,0.10543722578419863,0.9976106346942459,0.9953358772958958,nan,nan,nan,nan,nan,0.00011938624083995819,157.3855052664876
analytic,analytic,True,,6,vqbr,0.9999986922496055,0.9999986922496054,0.9999986922496054,0.09289230576814288,0.08919338089656459,0.9983921664334863,0.9989361969653884,2.503861881773195,-6.700208607097735,300.0,300.0,nan,157.75541069172323,157.75725553929806
analytic,analytic,True,,6,closed_form,nan,nan,nan,0.0928757066976329,0.0896812451572783,0.9983927409947055,0.9989245276946638,nan,nan,nan,nan,nan,0.00012148730456829071,157.75725553929806
analytic,analytic,True,,7,vqbr,0.9873889496580176,-0.9873889496580177,0.9873889496580177,0.3984576293195723,0.4614280783371043,0.9688732690162337,0.9692133980257074,-2.445730127264783,-6.603642307248677,300.0,300.0,nan,157.99889187514782,158.0005700327456
analytic,analytic,True,,7,closed_form,nan,nan,nan,0.10023978722409717,0.11397597328369026,0.9980300759106063,0.9981216334769338,nan,nan,nan,nan,nan,0.00012333504855632782,158.0005700327456
analytic,analytic,True,,8,vqbr,0.9999999999999992,0.9999999999999994,0.9999999999999991,0.10569928897459686,0.09419981586399528,0.9988873052283577,0.9991952625766222,2.9732323815404,-7.320690676534653,299.0,299.0,nan,157.3306678943336,157.33255248703063
analytic,analytic,True,,8,closed_form,nan,nan,nan,0.10569929050717924,0.09419980544372607,0.9988873051960907,0.9991952627546603,nan,nan,nan,nan,nan,0.00012124143540859222,157.33255248703063
analytic,analytic,True,,9,vqbr,0.9999999972680121,0.9999999972680124,0.9999999972680124,0.09711263312504105,0.10305756425960912,0.9989627849739318,0.9987414061570353,2.8458577631860233,-7.259551574056385,300.0,300.0,nan,157.7695235684514,157.77141975425184
analytic,analytic,True,,9,closed_form,nan,nan,nan,0.09712284433950644,0.10308899723392663,0.9989625668399659,0.9987406382875168,nan,nan,nan,nan,nan,0.00012271106243133545,157.77141975425184
analytic,analytic,True,,10,vqbr,0.9999969711936159,0.9999969711936157,0.999996971193616,0.08568238968476304,0.10198872395085817,0.9990984058436115,0.9989607461610572,2.974317365882521,-7.105491969665191,300.0,300.0,nan,158.07675666362047,158.07853602431715
analytic,analytic,True,,10,closed_form,nan,nan,nan,0.08457088935634148,0.09836312447165353,0.9991216456779367,0.9990333217386144,nan,nan,nan,nan,nan,0.00012485869228839874,158.07853602431715
analytic,analytic,True,,11,vqbr,0.9999450368358381,-0.9999450368358382,0.9999450368358381,0.09919071896437187,0.0954368402344515,0.9980788657214683,0.9985707414947762,-2.2968014664410745,-6.635207216277869,300.0,300.0,nan,158.71635401248932,158.71845664456487
analytic,analytic,True,,11,closed_form,nan,nan,nan,0.0956634240304684,0.08807614600948473,0.9982130702169068,0.9987827065459701,nan,nan,nan,nan,nan,0.00014368444681167603,158.71845664456487
analytic,analytic,True,,12,vqbr,0.9998197737426596,-0.9998197737426593,0.9998197737426593,0.10840450039440708,0.10913085706449664,0.9989059658952838,0.9989242916277951,-3.115292193027399,-7.391830348693659,300.0,300.0,nan,158.80388262681663,158.80576363392174
analytic,analytic,True,,12,closed_form,nan,nan,nan,0.09816171732651816,0.09377588071821316,0.999102941983551,0.9992057051987694,nan,nan,nan,nan,nan,0.0001241154968738556,158.80576363392174
analytic,analytic,True,,13,vqbr,0.9999999999999988,-0.9999999999999988,0.9999999999999988,0.1007269413667143,0.08804314862579193,0.9988355067623996,0.9990572525450858,-2.9222786419816322,-7.142508642064085,254.0,254.0,nan,132.35433700680733,132.3562149386853
analytic,analytic,True,,13,closed_form,nan,nan,nan,0.10072693778976399,0.08804315150416998,0.998835506845105,0.9990572524834437,nan,nan,nan,nan,nan,0.00012677907943725586,132.3562149386853
analytic,analytic,True,,14,vqbr,0.9999990166469406,0.9999990166469406,0.9999990166469408,0.09994542133469536,0.11084785306371024,0.9971456426466575,0.9963443867147026,1.9470256738244545,-6.225640941105793,300.0,300.0,nan,156.4414455946535,156.44355911388993
analytic,analytic,True,,14,closed_form,nan,nan,nan,0.10002244806748241,0.11051409054269963,0.9971412413135974,0.9963663676517011,nan,nan,nan,nan,nan,0.00014464743435382843,156.44355911388993
analytic,analytic,True,,15,vqbr,0.9999994900393633,-0.9999994900393634,0.9999994900393634,0.09154845458288315,0.10390311197577697,0.9963104759201247,0.9926711693893229,-1.6153143094226041,-5.867803013778241,300.0,300.0,nan,155.69500694423914,155.696907710284
analytic,analytic,True,,15,closed_form,nan,nan,nan,0.09165278307392892,0.10368975301081462,0.9963020619756131,0.9927012371366609,nan,nan,nan,nan,nan,0.00014486350119113922,155.696907710284
analytic,analytic,True,,16,vqbr,0.9999324964217539,-0.9999324964217539,0.999932496421754,0.11052799244318391,0.1021201421872822,0.999053552868798,0.9990565743496547,-3.362511986766536,-7.522727400062874,300.0,300.0,nan,156.07435842230916,156.07619098760188
analytic,analytic,True,,16,closed_form,nan,nan,nan,0.10711879936431414,0.09274348931497442,0.9991110380180692,0.9992218707852373,nan,nan,nan,nan,nan,0.00012403354048728943,156.07619098760188
analytic,analytic,True,,17,vqbr,0.9999999998326651,-0.9999999998326653,0.9999999998326652,0.10835944980721132,0.08933794927793938,0.9993628453423714,0.9995161758060889,-3.9586787623043542,-7.869522470540839,300.0,300.0,nan,156.54278408549726,156.54452525824308
analytic,analytic,True,,17,closed_form,nan,nan,nan,0.10835732870661254,0.08934001264019667,0.9993628702863131,0.999516153456883,nan,nan,nan,nan,nan,0.00015847012400627136,156.54452525824308
analytic,analytic,True,,18,vqbr,0.9999999891405883,-0.9999999891405882,0.9999999891405881,0.09391488770249505,0.11593027473466805,0.9985787559165242,0.9975379197425772,-2.322156208223116,-6.796821893660645,300.0,300.0,nan,156.33239009045064,156.33417728357017
analytic,analytic,True,,18,closed_form,nan,nan,nan,0.09391668131198438,0.1159483414795223,0.9985787016294718,0.9975371522943506,nan,nan,nan,nan,nan,0.0001266133040189743,156.33417728357017
analytic,analytic,True,,19,vqbr,0.9999989236547583,-0.9999989236547582,0.9999989236547583,0.08886641520075993,0.0848275268023811,0.998390380500269,0.9984955600815051,-2.2715365499667284,-6.571359938686035,300.0,300.0,nan,155.7875339668244,155.78964518755674
analytic,analytic,True,,19,closed_form,nan,nan,nan,0.08875051555181666,0.08540145786107571,0.9983945762964508,0.9984751335572257,nan,nan,nan,nan,nan,0.0001431722193956375,155.78964518755674
shots_256,256,False,256,0,vqbr,0.619723632495688,-0.6197236324956881,0.6342407955467733,2.0299795282072286,2.213765007084806,0.42348584537369516,0.511153109588924,-1.6861120591997063,-6.134384119385794,137.0,137.0,nan,1302.3946170229465,1302.396502578631
shots_256,256,False,256,0,closed_form,nan,nan,nan,0.11363516483420133,0.11570440910503228,0.9981934409955965,0.9986646053317654,nan,nan,nan,nan,nan,0.00018638372421264648,1302.396502578631
shots_256,256,False,256,1,vqbr,0.9661955698973251,0.9661955698973254,0.9658520871200466,0.7432160413711693,0.8090025135798825,0.9282185997753546,0.9068606233521807,2.547410229948622,-7.047395132424269,139.0,139.0,nan,1340.0475746337324,1340.0497150234878
shots_256,256,False,256,1,closed_form,nan,nan,nan,0.09821148150683331,0.0982154263946868,0.9987465520599565,0.9986272451146403,nan,nan,nan,nan,nan,0.0001515764743089676,1340.0497150234878
shots_256,256,False,256,2,vqbr,0.9369067888121787,0.936906788812179,0.9433813886141402,0.46871367733623476,0.5270434579431651,0.8956821124555863,0.876288947198879,1.3327600102390027,-5.6910566407087,147.0,147.0,nan,1398.195386281237,1398.1975036785007
shots_256,256,False,256,2,closed_form,nan,nan,nan,0.09211808241160216,0.09583688704500648,0.9959706656306857,0.995909456210067,nan,nan,nan,nan,nan,0.00013860128819942474,1398.1975036785007
shots_256,256,False,256,3,vqbr,0.8033463373318829,-0.803346337331883,0.794077817453205,2.275702983663931,2.3106688030935914,0.5345296468512197,0.7391126843873047,-2.4715110060683942,-6.883854638176107,140.0,140.0,nan,1324.4873407743871,1324.4891583230346
shots_256,256,False,256,3,closed_form,nan,nan,nan,0.10373749810815848,0.119813058464348,0.9990327641020583,0.999298567521062,nan,nan,nan,nan,nan,0.00012518838047981262,1324.4891583230346
shots_256,256,False,256,4,vqbr,0.960400923496887,-0.9604009234968868,0.960867409246364,0.7052042797198677,0.6983167184314222,0.9266832932910186,0.9319488908850486,-2.47206518002036,-6.809440205033758,140.0,140.0,nan,1325.275198623538,1325.278733868152
shots_256,256,False,256,4,closed_form,nan,nan,nan,0.08587546286926898,0.09147887914514655,0.9989127954729582,0.9988321905156683,nan,nan,nan,nan,nan,0.00021011009812355042,1325.278733868152
shots_256,256,False,256,5,vqbr,0.9657943364246172,0.9657943364246173,0.9641957505351055,0.4210867599514873,0.44637703754433933,0.9432043227078121,0.9164039575835029,1.7182326532065966,-5.973841688608979,140.0,140.0,nan,1329.338271861896,1329.3400226272643
shots_256,256,False,256,5,closed_form,nan,nan,nan,0.08636846906281936,0.10543722578419863,0.9976106346942459,0.9953358772958958,nan,nan,nan,nan,nan,0.00011938624083995819,1329.3400226272643
shots_256,256,False,256,6,vqbr,0.9327828895811481,0.9327828895811481,0.9382891630973169,0.8860018139651961,0.9170290814917965,0.8537314934514673,0.8875492932239601,2.240614100024847,-6.5694452612864085,156.0,156.0,nan,1477.7747748717666,1477.7766197193414
shots_256,256,False,256,6,closed_form,nan,nan,nan,0.0928757066976329,0.0896812451572783,0.9983927409947055,0.9989245276946638,nan,nan,nan,nan,nan,0.00012148730456829071,1477.7766197193414
shots_256,256,False,256,7,vqbr,0.9021622488493065,-0.9021622488493066,0.9094701196264339,0.9082886909681878,1.4111261022039916,0.838260151304107,0.7120710251124155,-2.1736192805948082,-6.478849562229353,149.0,149.0,nan,1417.487225662917,1417.4889038205147
shots_256,256,False,256,7,closed_form,nan,nan,nan,0.10023978722409717,0.11397597328369026,0.9980300759106063,0.9981216334769338,nan,nan,nan,nan,nan,0.00012333504855632782,1417.4889038205147
shots_256,256,False,256,8,vqbr,0.8349393438404604,0.8349393438404606,0.8438786984877809,1.5369178848804115,1.9349929145069578,0.7647480432049416,0.6604428743855666,2.5371319853252166,-7.100811534970944,144.0,144.0,nan,1366.9265093859285,1366.9283939786255
shots_256,256,False,256,8,closed_form,nan,nan,nan,0.10569929050717924,0.09419980544372607,0.9988873051960907,0.9991952627546603,nan,nan,nan,nan,nan,0.00012124143540859222,1366.9283939786255
shots_256,256,False,256,9,vqbr,0.8110803706856325,0.8110803706856325,0.8004626781915162,1.6549623574674115,1.4411543871736345,0.6987732193524031,0.7538800197498027,2.3073405665461046,-6.916842933129617,143.0,143.0,nan,1359.4072840325534,1359.4091802183539
shots_256,256,False,256,9,closed_form,nan,nan,nan,0.09712284433950644,0.10308899723392663,0.9989625668399659,0.9987406382875168,nan,nan,nan,nan,nan,0.00012271106243133545,1359.4091802183539
shots_256,256,False,256,10,vqbr,0.9331242337421434,0.9331242337421436,0.9406016935697546,1.1093987775450238,1.3431016462848695,0.8488516838891261,0.819766679403015,2.7327765177080794,-6.985120233655846,153.0,153.0,nan,1444.0957754068077,1444.0975547675043
shots_256,256,False,256,10,closed_form,nan,nan,nan,0.08457088935634148,0.09836312447165353,0.9991216456779367,0.9990333217386144,nan,nan,nan,nan,nan,0.00012485869228839874,1444.0975547675043
shots_256,256,False,256,11,vqbr,0.9536089171355089,-0.9536089171355089,0.9451730327099535,0.6672359807889756,0.7497399513407961,0.9130690231038316,0.9117936221245547,-2.0966414579113017,-6.542767875274092,154.0,154.0,nan,1454.2851197868586,1454.287222418934
shots_256,256,False,256,11,closed_form,nan,nan,nan,0.0956634240304684,0.08807614600948473,0.9982130702169068,0.9987827065459701,nan,nan,nan,nan,nan,0.00014368444681167603,1454.287222418934
shots_256,256,False,256,12,vqbr,0.9572996331638188,-0.9572996331638188,0.9536247493698256,0.8247345660953049,0.9031433386404685,0.9366765409596691,0.9263262488444852,-2.861729093420748,-7.334363472226278,138.0,138.0,nan,1305.1287839226425,1305.1306649297476
shots_256,256,False,256,12,closed_form,nan,nan,nan,0.09816171732651816,0.09377588071821316,0.999102941983551,0.9992057051987694,nan,nan,nan,nan,nan,0.0001241154968738556,1305.1306649297476
shots_256,256,False,256,13,vqbr,0.940581312737612,-0.9405813127376123,0.9451206179176128,1.0105043974808872,0.9977045613868601,0.8828014891744834,0.8789379139403701,-2.6117917672990703,-7.046000508829015,160.0,160.0,nan,1501.820261862129,1501.822139794007
shots_256,256,False,256,13,closed_form,nan,nan,nan,0.10072693778976399,0.08804315150416998,0.998835506845105,0.9990572524834437,nan,nan,nan,nan,nan,0.00012677907943725586,1501.822139794007
shots_256,256,False,256,14,vqbr,0.8897570139152602,0.8897570139152603,0.8920019826195394,0.8211119223710681,0.8894550912320227,0.8073419085138217,0.7646285809322386,1.78756062513386,-6.045544984551024,147.0,147.0,nan,1376.68163722381,1376.6837507430464
shots_256,256,False,256,14,closed_form,nan,nan,nan,0.10002244806748241,0.11051409054269963,0.9971412413135974,0.9963663676517011,nan,nan,nan,nan,nan,0.00014464743435382843,1376.6837507430464
shots_256,256,False,256,15,vqbr,0.9547439056872966,-0.9547439056872966,0.9469098578603594,0.5085978175652693,0.5018490514411575,0.8861279081542822,0.8290284736367399,-1.409950679331598,-5.766511681620011,146.0,146.0,nan,1366.200522147119,1366.202422913164
shots_256,256,False,256,15,closed_form,nan,nan,nan,0.09165278307392892,0.10368975301081462,0.9963020619756131,0.9927012371366609,nan,nan,nan,nan,nan,0.00014486350119113922,1366.202422913164
shots_256,256,False,256,16,vqbr,0.9878705626924077,-0.9878705626924076,0.9882763973806076,0.5512295137156091,0.40838848806233424,0.9764594437833252,0.984911994245435,-3.295615458025219,-7.500105983459638,137.0,137.0,nan,1283.6966331172734,1283.6984656825662
shots_256,256,False,256,16,closed_form,nan,nan,nan,0.10711879936431414,0.09274348931497442,0.9991110380180692,0.9992218707852373,nan,nan,nan,nan,nan,0.00012403354048728943,1283.6984656825662
shots_256,256,False,256,17,vqbr,0.9318048839741714,-0.9318048839741715,0.9326535858314644,1.3740370377505158,1.451655680084965,0.8975508973865447,0.8722553093640314,-3.791274076631022,-7.778456156171567,137.0,137.0,nan,1283.2727764323354,1283.2745176050812
shots_256,256,False,256,17,closed_form,nan,nan,nan,0.10835732870661254,0.08934001264019667,0.9993628702863131,0.999516153456883,nan,nan,nan,nan,nan,0.00015847012400627136,1283.2745176050812
shots_256,256,False,256,18,vqbr,0.8850726882723052,-0.8850726882723053,0.8665017157984801,1.1794908186034385,0.7875476073598247,0.7758241052205564,0.8863780840246048,-2.0990198852692283,-6.52523341981887,145.0,145.0,nan,1356.4628034774214,1356.464590670541
shots_256,256,False,256,18,closed_form,nan,nan,nan,0.09391668131198438,0.1159483414795223,0.9985787016294718,0.9975371522943506,nan,nan,nan,nan,nan,0.0001266133040189743,1356.464590670541
shots_256,256,False,256,19,vqbr,0.7423431763013246,-0.7423431763013247,0.762455773462481,1.2811826521367804,1.4045617041814495,0.6654430927570951,0.5875390056988727,-1.836376627776425,-6.211798233645273,152.0,152.0,nan,1421.816668311134,1421.8187795318663
shots_256,256,False,256,19,closed_form,nan,nan,nan,0.08875051555181666,0.08540145786107571,0.9983945762964508,0.9984751335572257,nan,nan,nan,nan,nan,0.0001431722193956375,1421.8187795318663
shots_1024,1024,False,1024,0,vqbr,0.998694443771944,-0.998694443771944,0.9985041457291544,0.18753835264807894,0.17173355977511864,0.9950795270138374,0.9970581524390646,-2.786845440955562,-6.906577853917908,169.0,169.0,nan,1604.4025067966431,1604.4043923523277
shots_1024,1024,False,1024,0,closed_form,nan,nan,nan,0.11363516483420133,0.11570440910503228,0.9981934409955965,0.9986646053317654,nan,nan,nan,nan,nan,0.00018638372421264648,1604.4043923523277
shots_1024,1024,False,1024,1,vqbr,0.9587917566245231,0.9587917566245232,0.9642710055035834,0.8139735755397901,0.6480741364137275,0.9139001511625079,0.9402300400687175,2.5719279589203072,-7.044905073452924,137.0,137.0,nan,1303.433722646907,1303.4358630366623
shots_1024,1024,False,1024,1,closed_form,nan,nan,nan,0.09821148150683331,0.0982154263946868,0.9987465520599565,0.9986272451146403,nan,nan,nan,nan,nan,0.0001515764743089676,1303.4358630366623
shots_1024,1024,False,1024,2,vqbr,0.9714714212220505,0.9714714212220505,0.9701359022521678,0.3603803206852784,0.2985148985276119,0.9383311761811614,0.9603130548209604,1.358740935809184,-5.7131287149373495,157.0,157.0,nan,1488.3798663169146,1488.3819837141782
shots_1024,1024,False,1024,2,closed_form,nan,nan,nan,0.09211808241160216,0.09583688704500648,0.9959706656306857,0.995909456210067,nan,nan,nan,nan,nan,0.00013860128819942474,1488.3819837141782
shots_1024,1024,False,1024,3,vqbr,0.90418172951938,-0.90418172951938,0.9062134544780677,1.6436551664006924,1.701540445372,0.7571812128592478,0.8585307289482533,-3.3342876986294616,-7.190373846541263,148.0,148.0,nan,1407.4423019755632,1407.4441195242107
shots_1024,1024,False,1024,3,closed_form,nan,nan,nan,0.10373749810815848,0.119813058464348,0.9990327641020583,0.999298567521062,nan,nan,nan,nan,nan,0.00012518838047981262,1407.4441195242107
shots_1024,1024,False,1024,4,vqbr,0.966547105985173,-0.9665471059851733,0.9640476088399311,0.6103193109063896,0.726377558021985,0.9450854671681973,0.9263699383141697,-2.528681005152636,-6.821222708273435,142.0,142.0,nan,1346.84564736858,1346.849182613194
shots_1024,1024,False,1024,4,closed_form,nan,nan,nan,0.08587546286926898,0.09147887914514655,0.9989127954729582,0.9988321905156683,nan,nan,nan,nan,nan,0.00021011009812355042,1346.849182613194
shots_1024,1024,False,1024,5,vqbr,0.9620196467321788,0.9620196467321788,0.9608226517668753,0.5141604852071293,0.42628639113622313,0.9153222121628003,0.9237596356396094,1.6252381292389513,-5.955174052253429,152.0,152.0,nan,1444.2076911646873,1444.2094419300556
shots_1024,1024,False,1024,5,closed_form,nan,nan,nan,0.08636846906281936,0.10543722578419863,0.9976106346942459,0.9953358772958958,nan,nan,nan,nan,nan,0.00011938624083995819,1444.2094419300556
shots_1024,1024,False,1024,6,vqbr,0.9479267284986294,0.9479267284986296,0.9464897302323961,0.7965275221859184,0.8183294180446113,0.8817821169944456,0.9104527403385,2.248220868093182,-6.5912907639954215,159.0,159.0,nan,1516.201773321256,1516.2036181688309
shots_1024,1024,False,1024,6,closed_form,nan,nan,nan,0.0928757066976329,0.0896812451572783,0.9983927409947055,0.9989245276946638,nan,nan,nan,nan,nan,0.00012148730456829071,1516.2036181688309
shots_1024,1024,False,1024,7,vqbr,0.9624253653620707,-0.9624253653620707,0.962575144262694,0.6402711632213757,0.8479774623603848,0.9196294198110688,0.896026577511338,-2.348461094080765,-6.563091379829729,170.0,170.0,nan,1616.593857029453,1616.5955351870507
shots_1024,1024,False,1024,7,closed_form,nan,nan,nan,0.10023978722409717,0.11397597328369026,0.9980300759106063,0.9981216334769338,nan,nan,nan,nan,nan,0.00012333504855632782,1616.5955351870507
shots_1024,1024,False,1024,8,vqbr,0.9286332469819223,0.9286332469819224,0.9264436102780403,1.0533017952716242,1.2862308436412042,0.8895062878361322,0.8499652255188779,2.8035089073195936,-7.214445615275333,166.0,166.0,nan,1575.7580304238945,1575.7599150165915
shots_1024,1024,False,1024,8,closed_form,nan,nan,nan,0.10569929050717924,0.09419980544372607,0.9988873051960907,0.9991952627546603,nan,nan,nan,nan,nan,0.00012124143540859222,1575.7599150165915
shots_1024,1024,False,1024,9,vqbr,0.8863737689033897,0.8863737689033895,0.8835443262127047,1.2920020617637296,1.1130589760291179,0.816412227061457,0.8531877793403349,2.5759144578814617,-7.067172937376468,145.0,145.0,nan,1378.5533012524247,1378.5551974382252
shots_1024,1024,False,1024,9,closed_form,nan,nan,nan,0.09712284433950644,0.10308899723392663,0.9989625668399659,0.9987406382875168,nan,nan,nan,nan,nan,0.00012271106243133545,1378.5551974382252
shots_1024,1024,False,1024,10,vqbr,0.9865619450419223,0.9865619450419222,0.9903120199286587,0.48434549792058934,0.6788149527787862,0.9711903168624597,0.953961610605526,2.9340916553797878,-7.087666337116819,142.0,142.0,nan,1345.7348357513547,1345.7366151120514
shots_1024,1024,False,1024,10,closed_form,nan,nan,nan,0.08457088935634148,0.09836312447165353,0.9991216456779367,0.9990333217386144,nan,nan,nan,nan,nan,0.00012485869228839874,1345.7366151120514
shots_1024,1024,False,1024,11,vqbr,0.8767706590388008,-0.8767706590388009,0.874564300012225,0.9840747915438667,1.0517935911323515,0.810908564618822,0.8264039969614076,-1.9462972332024817,-6.445680845123749,147.0,147.0,nan,1388.3467890359461,1388.3488916680217
shots_1024,1024,False,1024,11,closed_form,nan,nan,nan,0.0956634240304684,0.08807614600948473,0.9982130702169068,0.9987827065459701,nan,nan,nan,nan,nan,0.00014368444681167603,1388.3488916680217
shots_1024,1024,False,1024,12,vqbr,0.9589749412406404,-0.9589749412406406,0.9612539540971237,0.7500748251218474,1.0315809829657177,0.94762242167386,0.9038817020928395,-2.9376007467448715,-7.352021856548961,140.0,140.0,nan,1325.4951978735626,1325.4970788806677
shots_1024,1024,False,1024,12,closed_form,nan,nan,nan,0.09816171732651816,0.09377588071821316,0.999102941983551,0.9992057051987694,nan,nan,nan,nan,nan,0.0001241154968738556,1325.4970788806677
shots_1024,1024,False,1024,13,vqbr,0.9952365828730051,-0.995236582873005,0.9959255387304313,0.2954362486051126,0.32407980201034,0.989982179678866,0.9872265513254053,-2.8879321238830644,-7.139726236427594,171.0,171.0,nan,1605.660721898079,1605.662599829957
shots_1024,1024,False,1024,13,closed_form,nan,nan,nan,0.10072693778976399,0.08804315150416998,0.998835506845105,0.9990572524834437,nan,nan,nan,nan,nan,0.00012677907943725586,1605.662599829957
shots_1024,1024,False,1024,14,vqbr,0.9829836137024804,0.9829836137024806,0.9854678583090898,0.32571421522916644,0.3302923918929446,0.9696851123047588,0.9675434155506872,1.938267220420467,-6.21035660371582,132.0,132.0,nan,1236.5490097664297,1236.551123285666
shots_1024,1024,False,1024,14,closed_form,nan,nan,nan,0.10002244806748241,0.11051409054269963,0.9971412413135974,0.9963663676517011,nan,nan,nan,nan,nan,0.00014464743435382843,1236.551123285666
shots_1024,1024,False,1024,15,vqbr,0.7115046447032456,-0.7115046447032456,0.7101474726815293,1.0874690838772925,1.0301756776016073,0.47940241109346027,0.2795561180267546,-1.141077760886012,-5.226814788901422,161.0,161.0,nan,1506.0691826809198,1506.0710834469646
shots_1024,1024,False,1024,15,closed_form,nan,nan,nan,0.09165278307392892,0.10368975301081462,0.9963020619756131,0.9927012371366609,nan,nan,nan,nan,nan,0.00014486350119113922,1506.0710834469646
shots_1024,1024,False,1024,16,vqbr,0.9763389914768834,-0.976338991476884,0.9769753541144339,0.7079177528150254,0.7702134402785055,0.9611744691491708,0.9463330339695692,-3.3191855078298205,-7.495540377561837,148.0,148.0,nan,1382.8852487895638,1382.8870813548565
shots_1024,1024,False,1024,16,closed_form,nan,nan,nan,0.10711879936431414,0.09274348931497442,0.9991110380180692,0.9992218707852373,nan,nan,nan,nan,nan,0.00012403354048728943,1382.8870813548565
shots_1024,1024,False,1024,17,vqbr,0.9663856838248945,-0.9663856838248949,0.9679598672998311,0.9368395929914484,1.0864267997536583,0.9523742581995477,0.9284488589992578,-3.9402676293479133,-7.829388836615755,134.0,134.0,nan,1252.9369417447597,1252.9386829175055
shots_1024,1024,False,1024,17,closed_form,nan,nan,nan,0.10835732870661254,0.08934001264019667,0.9993628702863131,0.999516153456883,nan,nan,nan,nan,nan,0.00015847012400627136,1252.9386829175055
shots_1024,1024,False,1024,18,vqbr,0.8950838895561173,-0.8950838895561175,0.892591147921007,1.060942760459281,0.9511721557533961,0.8186223837041708,0.8342602297761392,-2.113524051410553,-6.619817394063605,161.0,161.0,nan,1502.4855615906417,1502.4873487837613
shots_1024,1024,False,1024,18,closed_form,nan,nan,nan,0.09391668131198438,0.1159483414795223,0.9985787016294718,0.9975371522943506,nan,nan,nan,nan,nan,0.0001266133040189743,1502.4873487837613
shots_1024,1024,False,1024,19,vqbr,0.8567907037847772,-0.8567907037847772,0.8647776218041968,0.9741359256194215,1.111876305853336,0.8065863939112646,0.7415275917780016,-1.984254334897872,-6.4000665999562045,163.0,163.0,nan,1527.1476613171399,1527.1497725378722
shots_1024,1024,False,1024,19,closed_form,nan,nan,nan,0.08875051555181666,0.08540145786107571,0.9983945762964508,0.9984751335572257,nan,nan,nan,nan,nan,0.0001431722193956375,1527.1497725378722
shots_4096,4096,False,4096,0,vqbr,0.9950498151819215,-0.9950498151819217,0.9956928943324008,0.2853565262197524,0.37124894236487777,0.9886079396448592,0.9862519763502774,-2.7982205458836416,-6.9029169575795715,170.0,170.0,nan,1617.5891288276762,1617.5910143833607
shots_4096,4096,False,4096,0,closed_form,nan,nan,nan,0.11363516483420133,0.11570440910503228,0.9981934409955965,0.9986646053317654,nan,nan,nan,nan,nan,0.00018638372421264648,1617.5910143833607
shots_4096,4096,False,4096,1,vqbr,0.9965823264091132,0.9965823264091134,0.9963940748288667,0.25055520299859263,0.24079602946253806,0.991841907456067,0.9917485128438116,2.6895853138989017,-7.099606786409688,168.0,168.0,nan,1594.3106367848814,1594.3127771746367
shots_4096,4096,False,4096,1,closed_form,nan,nan,nan,0.09821148150683331,0.0982154263946868,0.9987465520599565,0.9986272451146403,nan,nan,nan,nan,nan,0.0001515764743089676,1594.3127771746367
shots_4096,4096,False,4096,2,vqbr,0.9594833664589579,0.9594833664589579,0.9588103861822757,0.39007227616408885,0.4274731993849853,0.9277506906885494,0.918617049248891,1.3349614881460368,-5.702802951136001,162.0,162.0,nan,1535.2209898959845,1535.2231072932482
shots_4096,4096,False,4096,2,closed_form,nan,nan,nan,0.09211808241160216,0.09583688704500648,0.9959706656306857,0.995909456210067,nan,nan,nan,nan,nan,0.00013860128819942474,1535.2231072932482
shots_4096,4096,False,4096,3,vqbr,0.8991009908006344,-0.8991009908006347,0.8997730912272048,1.6595241426988774,1.7026157430451692,0.7524699001821361,0.8583518679103895,-3.2428092948847427,-7.166328955246623,150.0,150.0,nan,1425.7854638844728,1425.7872814331204
shots_4096,4096,False,4096,3,closed_form,nan,nan,nan,0.10373749810815848,0.119813058464348,0.9990327641020583,0.999298567521062,nan,nan,nan,nan,nan,0.00012518838047981262,1425.7872814331204
shots_4096,4096,False,4096,4,vqbr,0.9741268914917421,-0.974126891491742,0.9729687137648169,0.5708423712870666,0.6122299522545411,0.9519597262690794,0.9476930407137547,-2.5675987738507424,-6.824314063296084,142.0,142.0,nan,1349.411639828235,1349.4151750728488
shots_4096,4096,False,4096,4,closed_form,nan,nan,nan,0.08587546286926898,0.09147887914514655,0.9989127954729582,0.9988321905156683,nan,nan,nan,nan,nan,0.00021011009812355042,1349.4151750728488
shots_4096,4096,False,4096,5,vqbr,0.9968276598469203,0.9968276598469203,0.9966493695111841,0.16483431157853673,0.16263861111278327,0.9912970327834176,0.9889023930205707,1.7068836068391005,-6.033195560778555,168.0,168.0,nan,1597.787744782865,1597.7894955482334
shots_4096,4096,False,4096,5,closed_form,nan,nan,nan,0.08636846906281936,0.10543722578419863,0.9976106346942459,0.9953358772958958,nan,nan,nan,nan,nan,0.00011938624083995819,1597.7894955482334
shots_4096,4096,False,4096,6,vqbr,0.9600455324452413,0.9600455324452413,0.9593400297788928,0.7050062900562228,0.6618950583491562,0.9073879305909143,0.9414166436364084,2.3108745162496396,-6.616274415547178,174.0,174.0,nan,1657.4827461279929,1657.4845909755677
shots_4096,4096,False,4096,6,closed_form,nan,nan,nan,0.0928757066976329,0.0896812451572783,0.9983927409947055,0.9989245276946638,nan,nan,nan,nan,nan,0.00012148730456829071,1657.4845909755677
shots_4096,4096,False,4096,7,vqbr,0.9706398091366389,-0.9706398091366389,0.9718309573063255,0.538365061435171,0.7176203855279907,0.9431771576651439,0.9255365326512544,-2.3780252872730068,-6.581487238272528,158.0,158.0,nan,1505.3854159992188,1505.3870941568166
shots_4096,4096,False,4096,7,closed_form,nan,nan,nan,0.10023978722409717,0.11397597328369026,0.9980300759106063,0.9981216334769338,nan,nan,nan,nan,nan,0.00012333504855632782,1505.3870941568166
shots_4096,4096,False,4096,8,vqbr,0.9827856975874828,0.9827856975874829,0.9824810079988242,0.43731424482426046,0.567269638847636,0.9809533253350278,0.9708167825897784,2.9209268152912617,-7.305783085215477,163.0,163.0,nan,1548.9777852073312,1548.9796698000282
shots_4096,4096,False,4096,8,closed_form,nan,nan,nan,0.10569929050717924,0.09419980544372607,0.9988873051960907,0.9991952627546603,nan,nan,nan,nan,nan,0.00012124143540859222,1548.9796698000282
shots_4096,4096,False,4096,9,vqbr,0.9592422568994701,0.95924225689947,0.9598903293071809,0.7380935855450463,0.6522286037335846,0.9400843600530595,0.9495889739151395,2.73350895958287,-7.201415522051973,170.0,170.0,nan,1618.8074547834694,1618.8093509692699
shots_4096,4096,False,4096,9,closed_form,nan,nan,nan,0.09712284433950644,0.10308899723392663,0.9989625668399659,0.9987406382875168,nan,nan,nan,nan,nan,0.00012271106243133545,1618.8093509692699
shots_4096,4096,False,4096,10,vqbr,0.9903713170574514,0.9903713170574512,0.9900685661129485,0.4168436830983893,0.5573903275189321,0.9786609836438611,0.9689589661482229,2.953048604721329,-7.088610224360753,144.0,144.0,nan,1365.2134381551296,1365.2152175158262
shots_4096,4096,False,4096,10,closed_form,nan,nan,nan,0.08457088935634148,0.09836312447165353,0.9991216456779367,0.9990333217386144,nan,nan,nan,nan,nan,0.00012485869228839874,1365.2152175158262
shots_4096,4096,False,4096,11,vqbr,0.8566954649240995,-0.8566954649240996,0.8526840937393585,1.0762355327734563,1.179049506960992,0.7738324477340887,0.7818562557524014,-1.986367316268095,-6.377831383820256,157.0,157.0,nan,1489.2225905824453,1489.2246932145208
shots_4096,4096,False,4096,11,closed_form,nan,nan,nan,0.0956634240304684,0.08807614600948473,0.9982130702169068,0.9987827065459701,nan,nan,nan,nan,nan,0.00014368444681167603,1489.2246932145208
shots_4096,4096,False,4096,12,vqbr,0.991445325717882,-0.9914453257178816,0.9907152079801884,0.3519762666498512,0.49856855305014386,0.9884664501479551,0.9775483025572336,-3.0474421800509943,-7.384793511021732,157.0,157.0,nan,1486.055910076946,1486.0577910840511
shots_4096,4096,False,4096,12,closed_form,nan,nan,nan,0.09816171732651816,0.09377588071821316,0.999102941983551,0.9992057051987694,nan,nan,nan,nan,nan,0.0001241154968738556,1486.0577910840511
shots_4096,4096,False,4096,13,vqbr,0.9965426628349356,-0.9965426628349358,0.9966198004281996,0.26279920124315337,0.24134872444110933,0.9920732755845778,0.9929157438919486,-2.935446640112496,-7.139725009569262,173.0,173.0,nan,1625.28290787898,1625.284785810858
shots_4096,4096,False,4096,13,closed_form,nan,nan,nan,0.10072693778976399,0.08804315150416998,0.998835506845105,0.9990572524834437,nan,nan,nan,nan,nan,0.00012677907943725586,1625.284785810858
shots_4096,4096,False,4096,14,vqbr,0.9374312243400347,0.9374312243400348,0.9379447509960965,0.6343029358573897,0.647858152349904,0.8850322635723458,0.8751278666979736,1.8496471365406137,-6.118249410264005,159.0,159.0,nan,1488.7690614443272,1488.7711749635637
shots_4096,4096,False,4096,14,closed_form,nan,nan,nan,0.10002244806748241,0.11051409054269963,0.9971412413135974,0.9963663676517011,nan,nan,nan,nan,nan,0.00014464743435382843,1488.7711749635637
shots_4096,4096,False,4096,15,vqbr,0.9446999873168218,-0.9446999873168219,0.944387463181969,0.4843267409447711,0.4556414241913109,0.8967368876000489,0.8590633400385748,-1.4686557606886388,-5.7716432891511795,170.0,170.0,nan,1589.7377391792834,1589.7396399453282
shots_4096,4096,False,4096,15,closed_form,nan,nan,nan,0.09165278307392892,0.10368975301081462,0.9963020619756131,0.9927012371366609,nan,nan,nan,nan,nan,0.00014486350119113922,1589.7396399453282
shots_4096,4096,False,4096,16,vqbr,0.9411562096323023,-0.9411562096323021,0.9407198050833873,1.094307090014286,1.3512463650302111,0.9072251584053039,0.8348213411472136,-3.256289373774921,-7.436336055756328,149.0,149.0,nan,1394.872008824721,1394.8738413900137
shots_4096,4096,False,4096,16,closed_form,nan,nan,nan,0.10711879936431414,0.09274348931497442,0.9991110380180692,0.9992218707852373,nan,nan,nan,nan,nan,0.00012403354048728943,1394.8738413900137
shots_4096,4096,False,4096,17,vqbr,0.9853830320654051,-0.9853830320654052,0.9849629604738023,0.7114009449703305,0.7074165748801223,0.9725374946115689,0.9696634572447308,-3.937084051995982,-7.844305961292385,177.0,177.0,nan,1657.9363898336887,1657.9381310064346
shots_4096,4096,False,4096,17,closed_form,nan,nan,nan,0.10835732870661254,0.08934001264019667,0.9993628702863131,0.999516153456883,nan,nan,nan,nan,nan,0.00015847012400627136,1657.9381310064346
shots_4096,4096,False,4096,18,vqbr,0.9813569922863187,-0.9813569922863188,0.9811007233726816,0.45421984947302185,0.3931653093715105,0.9667545664623935,0.9716822425219274,-2.3447869252487603,-6.7689656977247346,180.0,180.0,nan,1689.7238109372556,1689.7255981303751
shots_4096,4096,False,4096,18,closed_form,nan,nan,nan,0.09391668131198438,0.1159483414795223,0.9985787016294718,0.9975371522943506,nan,nan,nan,nan,nan,0.0001266133040189743,1689.7255981303751
shots_4096,4096,False,4096,19,vqbr,0.9074228158444384,-0.9074228158444384,0.9028975936533952,0.8066487810370466,0.8923712199750139,0.86737760529308,0.8335083915802776,-2.0421466284691894,-6.431942527108142,168.0,168.0,nan,1572.9871480148286,1572.989259235561
shots_4096,4096,False,4096,19,closed_form,nan,nan,nan,0.08875051555181666,0.08540145786107571,0.9983945762964508,0.9984751335572257,nan,nan,nan,nan,nan,0.0001431722193956375,1572.989259235561
shots_16384,16384,False,16384,0,vqbr,0.9961250171697934,-0.9961250171697934,0.9961943803403321,0.2744459665962985,0.35260580598146474,0.989462432652514,0.9875980853401866,-2.784741606578619,-6.902328553665563,160.0,160.0,nan,1550.441344672814,1550.4432302284986
shots_16384,16384,False,16384,0,closed_form,nan,nan,nan,0.11363516483420133,0.11570440910503228,0.9981934409955965,0.9986646053317654,nan,nan,nan,nan,nan,0.00018638372421264648,1550.4432302284986
shots_16384,16384,False,16384,1,vqbr,0.9984036576023695,0.9984036576023696,0.9984464502946009,0.16821549674507474,0.20107352383767968,0.9963228293841626,0.9942463510152885,2.703047597430491,-7.1015052388642985,168.0,168.0,nan,1623.1189139280468,1623.1210543178022
shots_16384,16384,False,16384,1,closed_form,nan,nan,nan,0.09821148150683331,0.0982154263946868,0.9987465520599565,0.9986272451146403,nan,nan,nan,nan,nan,0.0001515764743089676,1623.1210543178022
shots_16384,16384,False,16384,2,vqbr,0.9771502042706798,0.9771502042706799,0.9771202608440837,0.30744512697356946,0.3658068393241608,0.955117322377549,0.940403700908479,1.3561312392130809,-5.729016821202308,186.0,186.0,nan,1797.323653396219,1797.3257707934827
shots_16384,16384,False,16384,2,closed_form,nan,nan,nan,0.09211808241160216,0.09583688704500648,0.9959706656306857,0.995909456210067,nan,nan,nan,nan,nan,0.00013860128819942474,1797.3257707934827
shots_16384,16384,False,16384,3,vqbr,0.9356874379883215,-0.9356874379883217,0.934917772003407,1.4340393383027066,1.3702376174964077,0.8151655169703548,0.9082577610689955,-3.4939871193257495,-7.239715828879162,170.0,170.0,nan,1647.3106101565063,1647.3124277051538
shots_16384,16384,False,16384,3,closed_form,nan,nan,nan,0.10373749810815848,0.119813058464348,0.9990327641020583,0.999298567521062,nan,nan,nan,nan,nan,0.00012518838047981262,1647.3124277051538
shots_16384,16384,False,16384,4,vqbr,0.9714496864891321,-0.9714496864891321,0.9715210283901106,0.5837812118155546,0.6617476891417653,0.9497572620880756,0.9388895902962894,-2.5552885958007785,-6.819488182812973,143.0,143.0,nan,1386.8818750567734,1386.8854103013873
shots_16384,16384,False,16384,4,closed_form,nan,nan,nan,0.08587546286926898,0.09147887914514655,0.9989127954729582,0.9988321905156683,nan,nan,nan,nan,nan,0.00021011009812355042,1386.8854103013873
shots_16384,16384,False,16384,5,vqbr,0.997772641351894,0.997772641351894,0.9979072553844465,0.15578368010536148,0.17377759378027124,0.9922265102834315,0.987330205075752,1.730796892392906,-6.034875789749475,177.0,177.0,nan,1712.5401411075145,1712.5418918728828
shots_16384,16384,False,16384,5,closed_form,nan,nan,nan,0.08636846906281936,0.10543722578419863,0.9976106346942459,0.9953358772958958,nan,nan,nan,nan,nan,0.00011938624083995819,1712.5418918728828
shots_16384,16384,False,16384,6,vqbr,0.9696847723703322,0.9696847723703323,0.9694070117125225,0.6152432928393428,0.5081449090725311,0.9294697568942736,0.9654720232874404,2.3548179368520388,-6.634808449173042,156.0,156.0,nan,1511.1696476377547,1511.1714924853295
shots_16384,16384,False,16384,6,closed_form,nan,nan,nan,0.0928757066976329,0.0896812451572783,0.9983927409947055,0.9989245276946638,nan,nan,nan,nan,nan,0.00012148730456829071,1511.1714924853295
shots_16384,16384,False,16384,7,vqbr,0.977506592032303,-0.9775065920323032,0.9773260090480682,0.496229962343128,0.5778028884968797,0.9517235656984672,0.951726016496437,-2.3965845129451253,-6.584517006867218,172.0,172.0,nan,1672.1748184282333,1672.176496585831
shots_16384,16384,False,16384,7,closed_form,nan,nan,nan,0.10023978722409717,0.11397597328369026,0.9980300759106063,0.9981216334769338,nan,nan,nan,nan,nan,0.00012333504855632782,1672.176496585831
shots_16384,16384,False,16384,8,vqbr,0.9973793699258275,0.9973793699258278,0.9974489257861267,0.2015110232431806,0.2675480589929522,0.9959558287985846,0.993508311091029,2.954732322116909,-7.32054967483337,171.0,171.0,nan,1664.338081434369,1664.339966027066
shots_16384,16384,False,16384,8,closed_form,nan,nan,nan,0.10569929050717924,0.09419980544372607,0.9988873051960907,0.9991952627546603,nan,nan,nan,nan,nan,0.00012124143540859222,1664.339966027066
shots_16384,16384,False,16384,9,vqbr,0.9479091214972409,0.9479091214972409,0.9490192105864972,0.8293427304896155,0.6960418248360405,0.9243540947118822,0.94258881260716,2.7708271923234307,-7.186795500212597,182.0,182.0,nan,1757.9224317427725,1757.924327928573
shots_16384,16384,False,16384,9,closed_form,nan,nan,nan,0.09712284433950644,0.10308899723392663,0.9989625668399659,0.9987406382875168,nan,nan,nan,nan,nan,0.00012271106243133545,1757.924327928573
shots_16384,16384,False,16384,10,vqbr,0.9903072245992454,0.9903072245992456,0.9902351547751875,0.4131552428533539,0.5206404749960224,0.9790369493476206,0.9729172240918319,2.923273613958546,-7.08777091636817,152.0,152.0,nan,1468.2731653824449,1468.2749447431415
shots_16384,16384,False,16384,10,closed_form,nan,nan,nan,0.08457088935634148,0.09836312447165353,0.9991216456779367,0.9990333217386144,nan,nan,nan,nan,nan,0.00012485869228839874,1468.2749447431415
shots_16384,16384,False,16384,11,vqbr,0.9892439345388234,-0.9892439345388234,0.9897818171986661,0.31017302435810284,0.32097301287532465,0.9812144595439398,0.9838335107125473,-2.2363490902268417,-6.62069192333319,174.0,174.0,nan,1677.2879915405065,1677.290094172582
shots_16384,16384,False,16384,11,closed_form,nan,nan,nan,0.0956634240304684,0.08807614600948473,0.9982130702169068,0.9987827065459701,nan,nan,nan,nan,nan,0.00014368444681167603,1677.290094172582
shots_16384,16384,False,16384,12,vqbr,0.9956067947496454,-0.9956067947496455,0.9959710607799429,0.2750515874509808,0.3731681340677233,0.9929568887599078,0.9874220889608758,-3.082818269487483,-7.390263263104841,143.0,143.0,nan,1379.6779918298125,1379.6798728369176
shots_16384,16384,False,16384,12,closed_form,nan,nan,nan,0.09816171732651816,0.09377588071821316,0.999102941983551,0.9992057051987694,nan,nan,nan,nan,nan,0.0001241154968738556,1379.6798728369176
shots_16384,16384,False,16384,13,vqbr,0.9972270635462281,-0.9972270635462281,0.997547996012712,0.22410553266372163,0.21884090131327386,0.9942356434673617,0.994175465431395,-2.8830939555429373,-7.140385327352074,173.0,173.0,nan,1672.7998640276492,1672.8017419595271
shots_16384,16384,False,16384,13,closed_form,nan,nan,nan,0.10072693778976399,0.08804315150416998,0.998835506845105,0.9990572524834437,nan,nan,nan,nan,nan,0.00012677907943725586,1672.8017419595271
shots_16384,16384,False,16384,14,vqbr,0.9688966886072213,0.9688966886072216,0.9696147469870001,0.4801714192628801,0.410397906375534,0.9341167293815542,0.9498909754998536,1.8626013553020813,-6.164385741041279,170.0,170.0,nan,1641.7723399121314,1641.7744534313679
shots_16384,16384,False,16384,14,closed_form,nan,nan,nan,0.10002244806748241,0.11051409054269963,0.9971412413135974,0.9963663676517011,nan,nan,nan,nan,nan,0.00014464743435382843,1641.7744534313679
shots_16384,16384,False,16384,15,vqbr,0.9806753550549496,-0.9806753550549495,0.9801817648450575,0.3102418478532349,0.33671784016676254,0.9576289651415871,0.9230320662664138,-1.5305479612845048,-5.830083792911409,213.0,213.0,nan,2063.15872326307,2063.160624029115
shots_16384,16384,False,16384,15,closed_form,nan,nan,nan,0.09165278307392892,0.10368975301081462,0.9963020619756131,0.9927012371366609,nan,nan,nan,nan,nan,0.00014486350119113922,2063.160624029115
shots_16384,16384,False,16384,16,vqbr,0.9982226113728997,-0.9982226113728996,0.9982709714874652,0.20912379376385934,0.24161432356247514,0.9966118807050508,0.9947188292164575,-3.3530944827888787,-7.521827853023012,175.0,175.0,nan,1687.5203343182802,1687.522166883573
shots_16384,16384,False,16384,16,closed_form,nan,nan,nan,0.10711879936431414,0.09274348931497442,0.9991110380180692,0.9992218707852373,nan,nan,nan,nan,nan,0.00012403354048728943,1687.522166883573
shots_16384,16384,False,16384,17,vqbr,0.9870488452119056,-0.9870488452119055,0.9868972671819667,0.6587256800276371,0.697145782620151,0.9764538195143116,0.9705379588149065,-4.002489496145744,-7.847515615787077,175.0,175.0,nan,1686.7143690809608,1686.7161102537066
shots_16384,16384,False,16384,17,closed_form,nan,nan,nan,0.10835732870661254,0.08934001264019667,0.9993628702863131,0.999516153456883,nan,nan,nan,nan,nan,0.00015847012400627136,1686.7161102537066
shots_16384,16384,False,16384,18,vqbr,0.9967898782728729,-0.9967898782728728,0.9970051760732321,0.20878711917928874,0.2278802878880075,0.9929756331178833,0.990486901479678,-2.313338234625869,-6.793935920387876,178.0,178.0,nan,1723.0072830524296,1723.009070245549
shots_16384,16384,False,16384,18,closed_form,nan,nan,nan,0.09391668131198438,0.1159483414795223,0.9985787016294718,0.9975371522943506,nan,nan,nan,nan,nan,0.0001266133040189743,1723.009070245549
shots_16384,16384,False,16384,19,vqbr,0.9278132811032241,-0.9278132811032244,0.9287917529425365,0.7371751404276652,0.8036705542879098,0.8892383889094133,0.8649615789678391,-2.0716579737602894,-6.466981267719608,182.0,182.0,nan,1757.2641377523541,1757.2662489730865
shots_16384,16384,False,16384,19,closed_form,nan,nan,nan,0.08875051555181666,0.08540145786107571,0.9983945762964508,0.9984751335572257,nan,nan,nan,nan,nan,0.0001431722193956375,1757.2662489730865
