setting_label,display_label,is_analytic,shots,category,method,metric,mean,std,n_valid
analytic,analytic,True,,method_metric,vqbr,cosine_similarity,0.9984121349720695,0.004679907096226624,20
analytic,analytic,True,,method_metric,vqbr,feature_cosine_similarity,-0.19848264044356634,0.9784954441551915,20
analytic,analytic,True,,method_metric,vqbr,state_overlap_abs,0.9984121349720694,0.0046799070962266435,20
analytic,analytic,True,,method_metric,vqbr,train_rmse,0.13452459580148743,0.10482967428325779,20
analytic,analytic,True,,method_metric,vqbr,test_rmse,0.13884161960674815,0.10801433726742296,20
analytic,analytic,True,,method_metric,vqbr,train_r2,0.9950652690033192,0.00956282659119212,20
analytic,analytic,True,,method_metric,vqbr,test_r2,0.9950172591062261,0.00863513983554605,20
analytic,analytic,True,,method_metric,vqbr,t_hat,-0.7349304903546555,2.6253079893866706,20
analytic,analytic,True,,method_metric,vqbr,final_objective,-6.854395510290111,0.5534336587340873,20
analytic,analytic,True,,method_metric,closed_form,train_rmse,0.09724126560702652,0.007760217193426297,20
analytic,analytic,True,,method_metric,closed_form,test_rmse,0.09966636773049224,0.01046212357958298,20
analytic,analytic,True,,method_metric,closed_form,train_r2,0.9983451598069942,0.0009130048524894813,20
analytic,analytic,True,,method_metric,closed_form,test_r2,0.9980773452525865,0.0016828276817184254,20
analytic,analytic,True,,runtime_seconds,runtime,prior_estimation,0.0018448397517204286,0.00036442167782967225,20
analytic,analytic,True,,runtime_seconds,runtime,closed_form_fit,0.00013906294479966165,2.302321101936258e-05,20
analytic,analytic,True,,runtime_seconds,runtime,vqbr_fit,156.0848081388511,5.518813007266624,20
analytic,analytic,True,,runtime_seconds,runtime,total,156.0867920415476,5.518830117324584,20
analytic,analytic,True,,iterations,vqbr,vqbr_objective_evaluations,297.65,10.016361614877928,20
analytic,analytic,True,,iterations,vqbr,vqbr_optimizer_nfev,297.65,10.016361614877928,20
analytic,analytic,True,,iterations,vqbr,vqbr_optimizer_iterations,nan,nan,0
shots_256,256,False,256,method_metric,vqbr,cosine_similarity,0.8954769384518488,0.08951034724023368,20
shots_256,256,False,256,method_metric,vqbr,feature_cosine_similarity,-0.16841888376197217,0.8840396649215095,20
shots_256,256,False,256,method_metric,vqbr,state_overlap_abs,0.8964017657219381,0.08660558111655738,20
shots_256,256,False,256,method_metric,vqbr,train_rmse,1.0478798750791998,0.5015437265932113,20
shots_256,256,False,256,method_metric,vqbr,test_rmse,1.1073311571534168,0.5511809434314705,20
shots_256,256,False,256,method_metric,vqbr,train_r2,0.8198731410355171,0.13961625800804006,20
shots_256,256,False,256,method_metric,vqbr,test_r2,0.8178638668840966,0.1214789312133693,20
shots_256,256,False,256,method_metric,vqbr,t_hat,-0.5800939941707777,2.303554095900491,20
shots_256,256,False,256,method_metric,vqbr,final_objective,-6.667091213260278,0.5605177192052199,20
shots_256,256,False,256,method_metric,closed_form,train_rmse,0.09724126560702652,0.007760217193426297,20
shots_256,256,False,256,method_metric,closed_form,test_rmse,0.09966636773049224,0.01046212357958298,20
shots_256,256,False,256,method_metric,closed_form,train_r2,0.9983451598069942,0.0009130048524894813,20
shots_256,256,False,256,method_metric,closed_form,test_r2,0.9980773452525865,0.0016828276817184254,20
shots_256,256,False,256,runtime_seconds,runtime,prior_estimation,0.0018448397517204286,0.00036442167782967225,20
shots_256,256,False,256,runtime_seconds,runtime,closed_form_fit,0.00013906294479966165,2.302321101936258e-05,20
shots_256,256,False,256,runtime_seconds,runtime,vqbr_fit,1371.7397582419217,62.448164129755135,20
shots_256,256,False,256,runtime_seconds,runtime,total,1371.7417421446182,62.44812988920397,20
shots_256,256,False,256,iterations,vqbr,vqbr_objective_evaluations,145.2,6.786751800382859,20
shots_256,256,False,256,iterations,vqbr,vqbr_optimizer_nfev,145.2,6.786751800382859,20
shots_256,256,False,256,iterations,vqbr,vqbr_optimizer_iterations,nan,nan,0
shots_1024,1024,False,1024,method_metric,vqbr,cosine_similarity,0.9346848434422016,0.06513818010168491,20
shots_1024,1024,False,1024,method_metric,vqbr,feature_cosine_similarity,-0.17220863067149184,0.9209901881072251,20
shots_1024,1024,False,1024,method_metric,vqbr,state_overlap_abs,0.9351511357227071,0.06552591346704865,20
shots_1024,1024,False,1024,method_metric,vqbr,train_rmse,0.7759540224006528,0.35651076887173694,20
shots_1024,1024,False,1024,method_metric,vqbr,test_rmse,0.8202274894671312,0.37355689155867605,20
shots_1024,1024,False,1024,method_metric,vqbr,train_r2,0.8839889154723618,0.1146770692237316,20
shots_1024,1024,False,1024,method_metric,vqbr,test_r2,0.8742518491012706,0.14951126443378396,20
shots_1024,1024,False,1024,method_metric,vqbr,t_hat,-0.660625224697904,2.4707221109552453,20
shots_1024,1024,False,1024,method_metric,vqbr,final_objective,-6.743723141094252,0.6158549749102095,20
shots_1024,1024,False,1024,method_metric,closed_form,train_rmse,0.09724126560702652,0.007760217193426297,20
shots_1024,1024,False,1024,method_metric,closed_form,test_rmse,0.09966636773049224,0.01046212357958298,20
shots_1024,1024,False,1024,method_metric,closed_form,train_r2,0.9983451598069942,0.0009130048524894813,20
shots_1024,1024,False,1024,method_metric,closed_form,test_r2,0.9980773452525865,0.0016828276817184254,20
shots_1024,1024,False,1024,runtime_seconds,runtime,prior_estimation,0.0018448397517204286,0.00036442167782967225,20
shots_1024,1024,False,1024,runtime_seconds,runtime,closed_form_fit,0.00013906294479966165,2.302321101936258e-05,20
shots_1024,1024,False,1024,runtime_seconds,runtime,vqbr_fit,1437.756492437236,114.99827049614112,20
shots_1024,1024,False,1024,runtime_seconds,runtime,total,1437.7584763399325,114.9981768101364,20
shots_1024,1024,False,1024,iterations,vqbr,vqbr_objective_evaluations,152.2,12.093800064495857,20
shots_1024,1024,False,1024,iterations,vqbr,vqbr_optimizer_nfev,152.2,12.093800064495857,20
shots_1024,1024,False,1024,iterations,vqbr,vqbr_optimizer_iterations,nan,nan,0
shots_4096,4096,False,4096,method_metric,vqbr,cosine_similarity,0.9613194689138908,0.036953642975380244,20
shots_4096,4096,False,4096,method_metric,vqbr,feature_cosine_similarity,-0.1830425308094234,0.9444554647821769,20
shots_4096,4096,False,4096,method_metric,vqbr,state_overlap_abs,0.9607965909629999,0.03775442808567639,20
shots_4096,4096,False,4096,method_metric,vqbr,train_rmse,0.6016512519434656,0.3470683388041187,20
shots_4096,4096,False,4096,method_metric,vqbr,test_rmse,0.6520036160926257,0.3734318503938092,20
shots_4096,4096,False,4096,method_metric,vqbr,train_r2,0.930211355186174,0.06751280930931385,20
shots_4096,4096,False,4096,method_metric,vqbr,test_r2,0.9272034840230388,0.06223868772802741,20
shots_4096,4096,False,4096,method_metric,vqbr,t_hat,-0.6752718168615729,2.5166200787166297,20
shots_4096,4096,False,4096,method_metric,vqbr,final_objective,-6.789826430280122,0.5655310127416071,20
shots_4096,4096,False,4096,method_metric,closed_form,train_rmse,0.09724126560702652,0.007760217193426297,20
shots_4096,4096,False,4096,method_metric,closed_form,test_rmse,0.09966636773049224,0.01046212357958298,20
shots_4096,4096,False,4096,method_metric,closed_form,train_r2,0.9983451598069942,0.0009130048524894813,20
shots_4096,4096,False,4096,method_metric,closed_form,test_r2,0.9980773452525865,0.0016828276817184254,20
shots_4096,4096,False,4096,runtime_seconds,runtime,prior_estimation,0.0018448397517204286,0.00036442167782967225,20
shots_4096,4096,False,4096,runtime_seconds,runtime,closed_form_fit,0.00013906294479966165,2.302321101936258e-05,20
shots_4096,4096,False,4096,runtime_seconds,runtime,vqbr_fit,1540.5280005524867,97.4355285915136,20
shots_4096,4096,False,4096,runtime_seconds,runtime,total,1540.5299844551832,97.4353644204606,20
shots_4096,4096,False,4096,iterations,vqbr,vqbr_objective_evaluations,162.95,10.509400553789925,20
shots_4096,4096,False,4096,iterations,vqbr,vqbr_optimizer_nfev,162.95,10.509400553789925,20
shots_4096,4096,False,4096,iterations,vqbr,vqbr_optimizer_iterations,nan,nan,0
shots_16384,16384,False,16384,method_metric,vqbr,cosine_similarity,0.9800450088877455,0.02079270714856973,20
shots_16384,16384,False,16384,method_metric,vqbr,feature_cosine_similarity,-0.19529464086526438,0.9606146778837261,20
shots_16384,16384,False,16384,method_metric,vqbr,state_overlap_abs,0.9801803006336982,0.02071590606562555,20
shots_16384,16384,False,16384,method_metric,vqbr,train_rmse,0.44463741086472786,0.3002566220781632,20
shots_16384,16384,False,16384,method_metric,vqbr,test_rmse,0.4662917984556668,0.27650004167569125,20
shots_16384,16384,False,16384,method_metric,vqbr,train_r2,0.9597012238873962,0.04435425035677056,20
shots_16384,16384,False,16384,method_metric,vqbr,test_r2,0.9620998728314426,0.033931064391153246,20
shots_16384,16384,False,16384,method_metric,vqbr,t_hat,-0.7023881574461669,2.5548413634945057,20
shots_16384,16384,False,16384,method_metric,vqbr,final_objective,-6.820872133364427,0.555263870461789,20
shots_16384,16384,False,16384,method_metric,closed_form,train_rmse,0.09724126560702652,0.007760217193426297,20
shots_16384,16384,False,16384,method_metric,closed_form,test_rmse,0.09966636773049224,0.01046212357958298,20
shots_16384,16384,False,16384,method_metric,closed_form,train_r2,0.9983451598069942,0.0009130048524894813,20
shots_16384,16384,False,16384,method_metric,closed_form,test_r2,0.9980773452525865,0.0016828276817184254,20
shots_16384,16384,False,16384,runtime_seconds,runtime,prior_estimation,0.0018448397517204286,0.00036442167782967225,20
shots_16384,16384,False,16384,runtime_seconds,runtime,closed_form_fit,0.00013906294479966165,2.302321101936258e-05,20
shots_16384,16384,False,16384,runtime_seconds,runtime,vqbr_fit,1654.034885886032,147.3946310288565,20
shots_16384,16384,False,16384,runtime_seconds,runtime,total,1654.0368697887286,147.3945020107048,20
shots_16384,16384,False,16384,iterations,vqbr,vqbr_objective_evaluations,171.0,15.244671200127604,20
shots_16384,16384,False,16384,iterations,vqbr,vqbr_optimizer_nfev,171.0,15.244671200127604,20
shots_16384,16384,False,16384,iterations,vqbr,vqbr_optimizer_iterations,nan,nan,0
