reps,seed,method,cosine_similarity,feature_cosine_similarity,state_overlap_abs,train_rmse,test_rmse,train_r2,test_r2,t_hat,final_objective,objective_evaluations,optimizer_nfev,optimizer_iterations,runtime_seconds_method,runtime_seconds_seed_total
1,0,vqbr,0.922095601581192,0.922095601581192,0.9220956015811919,1.427860673639926,1.664130204632076,0.8809251454096189,0.8450261100295509,4.167228274775337,-7.63087408550937,852.0,852.0,nan,573.9767762403935,573.9788096603006
1,0,closed_form,nan,nan,nan,0.10428723908910296,0.09964290884207677,0.9993647996404642,0.9994443814685382,nan,nan,nan,nan,nan,0.000195331871509552,573.9788096603006
1,1,vqbr,0.8133514169948095,0.8133514169948096,0.8133514169948096,1.617660760564954,1.984148621180474,0.782652323544212,0.6947691578148822,2.814243656858382,-7.0830787950512235,769.0,769.0,nan,536.8469847179949,536.8488836828619
1,1,closed_form,nan,nan,nan,0.10219514526668175,0.09966254629150118,0.9991325576317831,0.9992299055853615,nan,nan,nan,nan,nan,0.0001429002732038498,536.8488836828619
1,2,vqbr,0.832573449683255,-0.8325734496832551,0.8325734496832553,1.9065154869280174,2.292177404722426,0.7717621926409288,0.6735834935110387,-3.4381268387663324,-7.365710064430267,1000.0,1000.0,nan,696.512612875551,696.5145303290337
1,2,closed_form,nan,nan,nan,0.09889249469512036,0.11747834781814731,0.9993859078059831,0.9991425845235241,nan,nan,nan,nan,nan,0.00013079121708869934,696.5145303290337
1,3,vqbr,0.7826638066204474,-0.7826638066204474,0.7826638066204477,2.124359617524659,2.1900293449113897,0.6733013066429472,0.641028952017325,-3.1376420375835554,-7.093521424607236,326.0,326.0,nan,227.456001624465,227.4578781630844
1,3,closed_form,nan,nan,nan,0.09046641440006212,0.0925304347234915,0.9994075303905966,0.999359190768179,nan,nan,nan,nan,nan,0.00013201870024204254,227.4578781630844
1,4,vqbr,0.8818643540498988,0.8818643540498989,0.8818643540498994,1.912407030784816,2.4219454282876347,0.8192108527097719,0.6202302840944947,4.23959223341395,-7.690219355932143,1000.0,1000.0,nan,693.3075379971415,693.3094267379493
1,4,closed_form,nan,nan,nan,0.08482473738687234,0.10697045464411227,0.9996443222151702,0.9992591687282852,nan,nan,nan,nan,nan,0.00013370439410209656,693.3094267379493
1,5,vqbr,0.8072649353319135,-0.8072649353319135,0.8072649353319123,2.282283105548734,2.5825765178182065,0.750910801307362,0.6698355287043085,-3.7737186232412507,-7.597557370116794,486.0,486.0,nan,340.2173226121813,340.21921212784946
1,5,closed_form,nan,nan,nan,0.09736546747607201,0.11874789271369057,0.9995466581929964,0.9993019673056561,nan,nan,nan,nan,nan,0.00013062730431556702,340.21921212784946
1,6,vqbr,0.9079412934089786,-0.9079412934089786,0.9079412934089787,1.0556434306467672,1.307137591529599,0.8883102459738018,0.8598561582468403,-2.7845691534107906,-7.02612602191274,1000.0,1000.0,nan,697.0751708131284,697.0770590100437
1,6,closed_form,nan,nan,nan,0.09449762926676654,0.09838605385801386,0.999105004890856,0.9992060402372309,nan,nan,nan,nan,nan,0.00013149157166481018,697.0770590100437
1,7,vqbr,0.9452627198455403,0.9452627198455402,0.945262719845559,1.3437028012475039,1.2778117182031556,0.9090193208522602,0.9015769786050334,3.7667421220884605,-7.741210957376927,389.0,389.0,nan,271.7984362784773,271.8003046810627
1,7,closed_form,nan,nan,nan,0.09536428150458774,0.08957034979180246,0.9995417376145991,0.9995163942005567,nan,nan,nan,nan,nan,0.00012861192226409912,271.8003046810627
1,8,vqbr,0.8846156675166458,0.8846156675166456,0.884615667516645,0.9745722450245144,0.9930251636485007,0.8073007316874744,0.7873181528710083,1.9144101833011857,-6.238089250558684,431.0,431.0,nan,302.202128585428,302.20404753275216
1,8,closed_form,nan,nan,nan,0.08592539725453249,0.09096341659988862,0.998502057698968,0.9982153894990041,nan,nan,nan,nan,nan,0.00012800469994544983,302.20404753275216
1,9,vqbr,0.8704569488600283,0.8704569488600283,0.8704569488600284,1.6372433608388175,1.7249662168458757,0.7789696718442921,0.7015742337369819,3.057523895647273,-7.10757775533087,1000.0,1000.0,nan,698.5362308733165,698.5385647453368
1,9,closed_form,nan,nan,nan,0.09562759642955025,0.09956458363958648,0.9992459643617453,0.9990057745092494,nan,nan,nan,nan,nan,0.0001577083021402359,698.5385647453368
1,10,vqbr,0.8053782159066166,0.8053782159066168,0.805378215906615,1.981536181295814,2.351065412374761,0.570694638241899,0.6738564974607781,2.9077422214622866,-6.58123894312602,443.0,443.0,nan,309.44391531683505,309.4458178970963
1,10,closed_form,nan,nan,nan,0.08109925860311282,0.09795207214813385,0.999280888776075,0.9994338825241025,nan,nan,nan,nan,nan,0.0001309271901845932,309.4458178970963
1,11,vqbr,0.8978011094331859,-0.8978011094331858,0.8978011094331858,1.341921839068273,1.2540908500350907,0.8672713652931175,0.8831558768096164,-3.267943317712641,-7.294799725085742,923.0,923.0,nan,648.0795508548617,648.0818416532129
1,11,closed_form,nan,nan,nan,0.09162901663688774,0.10836205375466522,0.9993811630501866,0.999127624760591,nan,nan,nan,nan,nan,0.00013862177729606628,648.0818416532129
1,12,vqbr,0.8709207547493459,-0.8709207547493459,0.8709207547493405,1.5369265928889841,1.4621677272999527,0.806153799051406,0.8266433827918025,-3.124794603175419,-7.14573680451577,665.0,665.0,nan,465.94718759320676,465.94907066971064
1,12,closed_form,nan,nan,nan,0.0895497233525889,0.10056181988457566,0.9993419187140344,0.9991800029607494,nan,nan,nan,nan,nan,0.00013031810522079468,465.94907066971064
1,13,vqbr,0.9554138643789863,0.9554138643789865,0.9554138643789865,1.2593973843761004,1.5933830596583853,0.9252882579250082,0.8764309479936054,4.663028411706743,-7.821108588340451,1000.0,1000.0,nan,699.9078513346612,699.9097248725593
1,13,closed_form,nan,nan,nan,0.09398304627716367,0.12972831627681622,0.9995839339071506,0.9991808963018827,nan,nan,nan,nan,nan,0.0001301988959312439,699.9097248725593
1,14,vqbr,0.9140851187280336,-0.9140851187280337,0.9140851187280341,1.31192329381957,1.856534394072275,0.8575565691206322,0.7953280980213756,-3.55042042143755,-7.263165426668217,982.0,982.0,nan,690.8019916880876,690.8038797341287
1,14,closed_form,nan,nan,nan,0.10267239131072013,0.10087637215513069,0.9991275653751811,0.9993957298558925,nan,nan,nan,nan,nan,0.00013433583080768585,690.8038797341287
1,15,vqbr,0.8177371466646566,0.8177371466646567,0.817737146664665,1.642235399744318,2.1286443018010917,0.7112445895974188,0.5187334275310576,2.6237893677517183,-6.746815155955992,1000.0,1000.0,nan,702.9812489878386,702.9831404406577
1,15,closed_form,nan,nan,nan,0.09134147438374872,0.10538182725071572,0.9991067040883913,0.9988204646688477,nan,nan,nan,nan,nan,0.00013079866766929626,702.9831404406577
1,16,vqbr,0.8105508325408411,0.8105508325408415,0.8105508325408401,2.0600336050323143,2.2694669596343213,0.6759696117701702,0.6948521330174933,2.9530396726308754,-7.074881958472723,1000.0,1000.0,nan,694.7501281648874,694.7520124558359
1,16,closed_form,nan,nan,nan,0.09396203479363664,0.11321633808851832,0.9993258726344707,0.9992405821213175,nan,nan,nan,nan,nan,0.00013262219727039337,694.7520124558359
1,17,vqbr,0.7949186848887786,0.7949186848887785,0.7949186848887801,1.7090797823701958,1.6944386222067662,0.7591874828002507,0.7177362894755763,2.831707086328708,-7.043309835217067,609.0,609.0,nan,425.08862087503076,425.0905056875199
1,17,closed_form,nan,nan,nan,0.08753884272226713,0.10627539516830828,0.9993682343838739,0.9988896271879802,nan,nan,nan,nan,nan,0.0001344885677099228,425.0905056875199
1,18,vqbr,0.9686442151571788,-0.968644215157179,0.9686442151571784,0.890541121778226,1.080172583285343,0.947201364152944,0.9566029656532752,-3.812145760284405,-7.496122374076899,1000.0,1000.0,nan,697.9149437043816,697.9168504141271
1,18,closed_form,nan,nan,nan,0.09235465843840998,0.08625147373915122,0.9994321516631167,0.9997233015025465,nan,nan,nan,nan,nan,0.0001352950930595398,697.9168504141271
1,19,vqbr,0.7966456739649487,-0.796645673964949,0.7966456739649485,2.0577065567038213,2.159353093116094,0.7064481873856576,0.6572460090902581,-3.2500318324419895,-7.169349167870441,422.0,422.0,nan,295.1869971770793,295.1888780463487
1,19,closed_form,nan,nan,nan,0.08356606745346712,0.10967245708119608,0.9995158523660271,0.9991158410633794,nan,nan,nan,nan,nan,0.00013572722673416138,295.1888780463487
2,0,vqbr,0.9896536837521863,0.9896536837521864,0.9896536837521864,0.4760960907253798,0.708502865276818,0.9867615351690099,0.9719090032436827,4.248803090061476,-7.745754452381253,1000.0,1000.0,nan,753.9027251936495,753.9047586135566
2,0,closed_form,nan,nan,nan,0.10428723908910296,0.09964290884207677,0.9993647996404642,0.9994443814685382,nan,nan,nan,nan,nan,0.000195331871509552,753.9047586135566
2,1,vqbr,0.8851057480601742,0.8851057480601743,0.8851057480601744,1.441506886298901,1.4785726109787611,0.8274108290296767,0.8305017065196211,2.9876574182944995,-7.145677327149967,1000.0,1000.0,nan,771.519000094384,771.520899059251
2,1,closed_form,nan,nan,nan,0.10219514526668175,0.09966254629150118,0.9991325576317831,0.9992299055853615,nan,nan,nan,nan,nan,0.0001429002732038498,771.520899059251
2,2,vqbr,0.9504535995372708,-0.950453599537271,0.9504535995372712,1.080185928221871,1.1344572185711657,0.926733753591971,0.9200438445087413,-3.5617521168546604,-7.549414557672188,1000.0,1000.0,nan,778.8149612061679,778.8168786596507
2,2,closed_form,nan,nan,nan,0.09889249469512036,0.11747834781814731,0.9993859078059831,0.9991425845235241,nan,nan,nan,nan,nan,0.00013079121708869934,778.8168786596507
2,3,vqbr,0.9457916817883861,-0.9457916817883862,0.9457916817883865,1.0949012054518563,1.2915690436592884,0.9132156947858665,0.8751481996379804,-3.5017519086117517,-7.395786704240888,1000.0,1000.0,nan,774.3618103880435,774.3636869266629
2,3,closed_form,nan,nan,nan,0.09046641440006212,0.0925304347234915,0.9994075303905966,0.999359190768179,nan,nan,nan,nan,nan,0.00013201870024204254,774.3636869266629
2,4,vqbr,0.9084850497197235,-0.9084850497197238,0.9084850497197237,1.5824678615367085,1.7365795877260453,0.8762111608319909,0.8047545117946169,-4.447959425434205,-7.757982746850578,1000.0,1000.0,nan,771.4829316865653,771.484820427373
2,4,closed_form,nan,nan,nan,0.08482473738687234,0.10697045464411227,0.9996443222151702,0.9992591687282852,nan,nan,nan,nan,nan,0.00013370439410209656,771.484820427373
2,5,vqbr,0.971391638515622,-0.9713916385156219,0.9713916385156224,0.8552001652525957,0.966656648643507,0.9650255078568217,0.9537439625035885,-4.21141686053186,-7.859816400600221,1000.0,1000.0,nan,769.5627013314515,769.5645908471197
2,5,closed_form,nan,nan,nan,0.09736546747607201,0.11874789271369057,0.9995466581929964,0.9993019673056561,nan,nan,nan,nan,nan,0.00013062730431556702,769.5645908471197
2,6,vqbr,0.9680006053250432,-0.9680006053250435,0.9680006053250434,0.6154437366239266,0.7723262679675065,0.9620374350331959,0.9510747535877973,-2.813425381340811,-7.10780589603713,1000.0,1000.0,nan,772.8646508846432,772.8665390815586
2,6,closed_form,nan,nan,nan,0.09449762926676654,0.09838605385801386,0.999105004890856,0.9992060402372309,nan,nan,nan,nan,nan,0.00013149157166481018,772.8665390815586
2,7,vqbr,0.9501549100398322,0.9501549100398327,0.9501549100398519,1.3201872111514066,1.2180410676678166,0.9121758870402974,0.9105692603991717,3.8389474126953895,-7.744726939379713,1000.0,1000.0,nan,772.4296049196273,772.4314733222127
2,7,closed_form,nan,nan,nan,0.09536428150458774,0.08957034979180246,0.9995417376145991,0.9995163942005567,nan,nan,nan,nan,nan,0.00012861192226409912,772.4314733222127
2,8,vqbr,0.9586775532853189,0.9586775532853189,0.9586775532853189,0.6389394045091219,0.5079501828337225,0.9171731141067923,0.944351667174688,1.9953855838855346,-6.36964090266493,1000.0,1000.0,nan,769.6615893822163,769.6635083295405
2,8,closed_form,nan,nan,nan,0.08592539725453249,0.09096341659988862,0.998502057698968,0.9982153894990041,nan,nan,nan,nan,nan,0.00012800469994544983,769.6635083295405
2,9,vqbr,0.9877372832100954,-0.9877372832100956,0.9877372832100951,0.502504297358737,0.5215286951756737,0.9791788385019271,0.972720805171328,-3.480096628848312,-7.342797840455785,1000.0,1000.0,nan,777.1228985786438,777.125232450664
2,9,closed_form,nan,nan,nan,0.09562759642955025,0.09956458363958648,0.9992459643617453,0.9990057745092494,nan,nan,nan,nan,nan,0.0001577083021402359,777.125232450664
2,10,vqbr,0.9741452801861139,-0.974145280186114,0.9741452801861143,0.8549529344028265,0.9309040368113789,0.9200816122736005,0.9488684293813204,-3.926953087178671,-7.042732757266318,1000.0,1000.0,nan,775.0902763586491,775.0921789389104
2,10,closed_form,nan,nan,nan,0.08109925860311282,0.09795207214813385,0.999280888776075,0.9994338825241025,nan,nan,nan,nan,nan,0.0001309271901845932,775.0921789389104
2,11,vqbr,0.9706731260301126,0.9706731260301127,0.9706731260301129,0.6995273983260383,0.8011843827095849,0.9639322007594728,0.9523114820525279,3.2969626697706955,-7.401373247176991,1000.0,1000.0,nan,772.6493370719254,772.6516278702766
2,11,closed_form,nan,nan,nan,0.09162901663688774,0.10836205375466522,0.9993811630501866,0.999127624760591,nan,nan,nan,nan,nan,0.00013862177729606628,772.6516278702766
2,12,vqbr,0.9559601946712469,0.9559601946712469,0.9559601946712455,0.8156436400478941,1.0114789873411627,0.945405115432498,0.9170417148728837,3.4664583175774566,-7.31279640905842,1000.0,1000.0,nan,775.9345601480454,775.9364432245493
2,12,closed_form,nan,nan,nan,0.0895497233525889,0.10056181988457566,0.9993419187140344,0.9991800029607494,nan,nan,nan,nan,nan,0.00013031810522079468,775.9364432245493
2,13,vqbr,0.9657205942164712,0.9657205942164713,0.965720594216471,1.0975228471135974,1.5542991166817617,0.9432598566679173,0.8824186278190044,4.529728787601892,-7.840470700840751,1000.0,1000.0,nan,776.8933336045593,776.8952071424574
2,13,closed_form,nan,nan,nan,0.09398304627716367,0.12972831627681622,0.9995839339071506,0.9991808963018827,nan,nan,nan,nan,nan,0.0001301988959312439,776.8952071424574
2,14,vqbr,0.9979130619801284,-0.9979130619801284,0.9979130619801286,0.23684852147063293,0.22464874315932576,0.9953573398370976,0.9970031830730203,-3.876366612639207,-7.4126402298701075,1000.0,1000.0,nan,775.6817084606737,775.6835965067148
2,14,closed_form,nan,nan,nan,0.10267239131072013,0.10087637215513069,0.9991275653751811,0.9993957298558925,nan,nan,nan,nan,nan,0.00013433583080768585,775.6835965067148
2,15,vqbr,0.9360327053044262,0.9360327053044262,0.9360327053044285,0.979936592182192,1.4661221606142707,0.8971852883983236,0.7716926878775994,2.9708062173077883,-6.990919100709915,1000.0,1000.0,nan,776.4060018323362,776.4078932851553
2,15,closed_form,nan,nan,nan,0.09134147438374872,0.10538182725071572,0.9991067040883913,0.9988204646688477,nan,nan,nan,nan,nan,0.00013079866766929626,776.4078932851553
2,16,vqbr,0.9684441786892585,0.9684441786892586,0.9684441786892581,0.9361179048502397,1.089473430094233,0.9330888899260701,0.9296772418201397,3.8608647947787027,-7.390909775556158,1000.0,1000.0,nan,770.5589936599135,770.560877950862
2,16,closed_form,nan,nan,nan,0.09396203479363664,0.11321633808851832,0.9993258726344707,0.9992405821213175,nan,nan,nan,nan,nan,0.00013262219727039337,770.560877950862
2,17,vqbr,0.972376729482248,-0.9723767294822478,0.9723767294822478,0.7159036462623575,0.9265829732194757,0.9577464178960257,0.9155942577887349,-2.958543252585515,-7.281122795383837,1000.0,1000.0,nan,770.330847736448,770.3327325489372
2,17,closed_form,nan,nan,nan,0.08753884272226713,0.10627539516830828,0.9993682343838739,0.9988896271879802,nan,nan,nan,nan,nan,0.0001344885677099228,770.3327325489372
2,18,vqbr,0.9714152069772539,-0.971415206977254,0.9714152069772535,0.8398718822725225,0.9836237542996227,0.9530386223190487,0.9640141497277706,-3.8120308551916113,-7.502561225649554,1000.0,1000.0,nan,771.7619979958981,771.7639047056437
2,18,closed_form,nan,nan,nan,0.09235465843840998,0.08625147373915122,0.9994321516631167,0.9997233015025465,nan,nan,nan,nan,nan,0.0001352950930595398,771.7639047056437
2,19,vqbr,0.9577265415453654,0.9577265415453655,0.9577265415453651,0.931360139821143,0.9689097847975803,0.939861418815076,0.9309916128019415,3.6749765880879512,-7.454476875794447,1000.0,1000.0,nan,774.7715338878334,774.7734147571027
2,19,closed_form,nan,nan,nan,0.08356606745346712,0.10967245708119608,0.9995158523660271,0.9991158410633794,nan,nan,nan,nan,nan,0.00013572722673416138,774.7734147571027
3,0,vqbr,0.9988143518209056,-0.9988143518209056,0.9988143518209056,0.19335725845937335,0.2443556617575795,0.9978164187591932,0.9966585979090721,-4.288559211159984,-7.757361158259339,1000.0,1000.0,nan,841.8751429785043,841.8771763984114
3,0,closed_form,nan,nan,nan,0.10428723908910296,0.09964290884207677,0.9993647996404642,0.9994443814685382,nan,nan,nan,nan,nan,0.000195331871509552,841.8771763984114
3,1,vqbr,0.9997563696816391,0.9997563696816393,0.9997563696816391,0.12203220250387929,0.11916302074120193,0.9987631159214098,0.9988990615903774,3.3730904390153587,-7.340769032481566,1000.0,1000.0,nan,850.8685846086591,850.8704835735261
3,1,closed_form,nan,nan,nan,0.10219514526668175,0.09966254629150118,0.9991325576317831,0.9992299055853615,nan,nan,nan,nan,nan,0.0001429002732038498,850.8704835735261
3,2,vqbr,0.9992708416776644,-0.9992708416776647,0.9992708416776646,0.16438222853458975,0.18900610020606584,0.9983032547606893,0.9977806423180074,-3.808459577937543,-7.626318861011839,1000.0,1000.0,nan,856.8784569967538,856.8803744502366
3,2,closed_form,nan,nan,nan,0.09889249469512036,0.11747834781814731,0.9993859078059831,0.9991425845235241,nan,nan,nan,nan,nan,0.00013079121708869934,856.8803744502366
3,3,vqbr,0.9997124688716175,-0.9997124688716176,0.9997124688716175,0.12290515232013224,0.13503258984289235,0.9989064679861195,0.9986353013901705,-3.611615109265821,-7.483242139192399,1000.0,1000.0,nan,853.5648326762021,853.5667092148215
3,3,closed_form,nan,nan,nan,0.09046641440006212,0.0925304347234915,0.9994075303905966,0.999359190768179,nan,nan,nan,nan,nan,0.00013201870024204254,853.5667092148215
3,4,vqbr,0.9978502568730812,-0.9978502568730812,0.9978502568730812,0.2512202203833268,0.3367036787996418,0.9968802422118667,0.9926601472715519,-4.798612038042055,-7.886054559252308,1000.0,1000.0,nan,849.7831620462239,849.7850507870317
3,4,closed_form,nan,nan,nan,0.08482473738687234,0.10697045464411227,0.9996443222151702,0.9992591687282852,nan,nan,nan,nan,nan,0.00013370439410209656,849.7850507870317
3,5,vqbr,0.9880697841690567,0.9880697841690567,0.9880697841690567,0.6128010129691474,0.6754128383449778,0.9820421303965359,0.9774179915964224,4.248646439603888,-7.878304965988546,1000.0,1000.0,nan,848.8347087688744,848.8365982845426
3,5,closed_form,nan,nan,nan,0.09736546747607201,0.11874789271369057,0.9995466581929964,0.9993019673056561,nan,nan,nan,nan,nan,0.00013062730431556702,848.8365982845426
3,6,vqbr,0.9993775414913897,0.9993775414913899,0.9993775414913898,0.12042874768061107,0.15453818940413325,0.998546419205732,0.998041141575038,2.9060015545534013,-7.146687162822445,1000.0,1000.0,nan,855.7005897723138,855.7024779692292
3,6,closed_form,nan,nan,nan,0.09449762926676654,0.09838605385801386,0.999105004890856,0.9992060402372309,nan,nan,nan,nan,nan,0.00013149157166481018,855.7024779692292
3,7,vqbr,0.9862901295648097,0.9862901295648097,0.9862901295648145,0.6021003344034301,0.7071873334393483,0.9817324432107837,0.9698538464748325,4.230495415450091,-7.817635705440834,1000.0,1000.0,nan,848.9949528556317,848.9968212582171
3,7,closed_form,nan,nan,nan,0.09536428150458774,0.08957034979180246,0.9995417376145991,0.9995163942005567,nan,nan,nan,nan,nan,0.00012861192226409912,848.9968212582171
3,8,vqbr,0.9837224926555904,0.9837224926555903,0.98372249265559,0.32235739096008026,0.34551636611300557,0.9789172503335009,0.9742517828716083,2.097053667865369,-6.434047957024481,1000.0,1000.0,nan,850.3436335362494,850.3455524835736
3,8,closed_form,nan,nan,nan,0.08592539725453249,0.09096341659988862,0.998502057698968,0.9982153894990041,nan,nan,nan,nan,nan,0.00012800469994544983,850.3455524835736
3,9,vqbr,0.990932189550768,-0.9909321895507683,0.990932189550768,0.43634044781947223,0.5015710146132268,0.9843008427891247,0.9747686788236384,-3.469591382156768,-7.347644384814351,1000.0,1000.0,nan,855.1019055079669,855.1042393799871
3,9,closed_form,nan,nan,nan,0.09562759642955025,0.09956458363958648,0.9992459643617453,0.9990057745092494,nan,nan,nan,nan,nan,0.0001577083021402359,855.1042393799871
3,10,vqbr,0.9988766264290148,0.998876626429015,0.998876626429015,0.20672147341762223,0.23851697762623292,0.9953276702784234,0.9966432584748892,3.97545584494953,-7.118428989741123,1000.0,1000.0,nan,853.9781279508024,853.9800305310637
3,10,closed_form,nan,nan,nan,0.08109925860311282,0.09795207214813385,0.999280888776075,0.9994338825241025,nan,nan,nan,nan,nan,0.0001309271901845932,853.9800305310637
3,11,vqbr,0.9995297954510071,-0.999529795451007,0.9995297954510071,0.1354518259213475,0.16836716668028234,0.9986476786238612,0.9978939742223075,-3.3664027069116114,-7.437107082563613,1000.0,1000.0,nan,853.1550652757287,853.1573560740799
3,11,closed_form,nan,nan,nan,0.09162901663688774,0.10836205375466522,0.9993811630501866,0.999127624760591,nan,nan,nan,nan,nan,0.00013862177729606628,853.1573560740799
3,12,vqbr,0.9999877385602126,-0.9999877385602127,0.9999877385602126,0.09083739874308477,0.10124679769309017,0.9993228569552549,0.9991687940800988,-3.672585653875727,-7.371223025298529,1000.0,1000.0,nan,856.180701367557,856.1825844440609
3,12,closed_form,nan,nan,nan,0.0895497233525889,0.10056181988457566,0.9993419187140344,0.9991800029607494,nan,nan,nan,nan,nan,0.00013031810522079468,856.1825844440609
3,13,vqbr,0.9986152322443873,-0.9986152322443875,0.9986152322443876,0.23225684450373807,0.295727309872282,0.9974590253534333,0.9957435043971724,-4.5823494200285335,-7.896853588355612,1000.0,1000.0,nan,854.1518945172429,854.153768055141
3,13,closed_form,nan,nan,nan,0.09398304627716367,0.12972831627681622,0.9995839339071506,0.9991808963018827,nan,nan,nan,nan,nan,0.0001301988959312439,854.153768055141
3,14,vqbr,0.997784398396992,0.9977843983969918,0.997784398396992,0.2450647169020255,0.22588754272857794,0.9950296483519611,0.9969700407422893,3.838427496566662,-7.412285245859535,1000.0,1000.0,nan,854.582682300359,854.5845703464001
3,14,closed_form,nan,nan,nan,0.10267239131072013,0.10087637215513069,0.9991275653751811,0.9993957298558925,nan,nan,nan,nan,nan,0.00013433583080768585,854.5845703464001
3,15,vqbr,0.9972353613868681,0.9972353613868681,0.9972353613868683,0.24543409726287163,0.24875044988990483,0.9935504545666972,0.9934278532170969,3.280746299345602,-7.098132947427045,1000.0,1000.0,nan,852.3892446774989,852.391136130318
3,15,closed_form,nan,nan,nan,0.09134147438374872,0.10538182725071572,0.9991067040883913,0.9988204646688477,nan,nan,nan,nan,nan,0.00013079866766929626,852.391136130318
3,16,vqbr,0.9997376909495508,-0.9997376909495509,0.9997376909495508,0.12346995807923956,0.1435611253111317,0.9988359819025842,0.998778941931787,-3.8020468571281762,-7.456825073677191,1000.0,1000.0,nan,848.4831323120743,848.4850166030228
3,16,closed_form,nan,nan,nan,0.09396203479363664,0.11321633808851832,0.9993258726344707,0.9992405821213175,nan,nan,nan,nan,nan,0.00013262219727039337,848.4850166030228
3,17,vqbr,0.9998732621198912,-0.9998732621198916,0.9998732621198914,0.10006356916652043,0.11344343298724234,0.9991745203652963,0.9987347915512252,-3.062304126326619,-7.324233028287523,1000.0,1000.0,nan,850.533135138452,850.5350199509412
3,17,closed_form,nan,nan,nan,0.08753884272226713,0.10627539516830828,0.9993682343838739,0.9988896271879802,nan,nan,nan,nan,nan,0.0001344885677099228,850.5350199509412
3,18,vqbr,0.9989585605599482,-0.9989585605599485,0.9989585605599482,0.19709883204562292,0.22762495011816808,0.9974136764950603,0.9980728590526217,-3.877723403460877,-7.548948946853023,1000.0,1000.0,nan,857.497621782124,857.4995284918696
3,18,closed_form,nan,nan,nan,0.09235465843840998,0.08625147373915122,0.9994321516631167,0.9997233015025465,nan,nan,nan,nan,nan,0.0001352950930595398,857.4995284918696
3,19,vqbr,0.9999993828747525,0.9999993828747525,0.9999993828747527,0.08360256464330104,0.11022743921837218,0.9995154293740807,0.9991068700971125,3.7305435381098726,-7.51640570531096,1000.0,1000.0,nan,851.8372458163649,851.8391266856343
3,19,closed_form,nan,nan,nan,0.08356606745346712,0.10967245708119608,0.9995158523660271,0.9991158410633794,nan,nan,nan,nan,nan,0.00013572722673416138,851.8391266856343
4,0,vqbr,0.9921564444827442,0.9921564444827442,0.9921564444827444,0.42421811595574443,0.565629485374135,0.9894894167409679,0.9820960849453879,4.257916337494651,-7.748652965853207,1000.0,1000.0,nan,914.7492287587374,914.7512621786445
4,0,closed_form,nan,nan,nan,0.10428723908910296,0.09964290884207677,0.9993647996404642,0.9994443814685382,nan,nan,nan,nan,nan,0.000195331871509552,914.7512621786445
4,1,vqbr,0.9999985048407088,0.9999985048407091,0.999998504840709,0.10233281349427024,0.09812947568151682,0.999130218974921,0.9992534154941421,3.3728314602502416,-7.341117440046597,1000.0,1000.0,nan,926.6601853370667,926.6620843019336
4,1,closed_form,nan,nan,nan,0.10219514526668175,0.09966254629150118,0.9991325576317831,0.9992299055853615,nan,nan,nan,nan,nan,0.0001429002732038498,926.6620843019336
4,2,vqbr,0.9999627506002314,0.9999627506002314,0.9999627506002315,0.10141696787026817,0.1223532454300528,0.9993541552173076,0.9990699492545199,3.800077554506193,-7.627374917144375,1000.0,1000.0,nan,921.8840628955513,921.8859803490341
4,2,closed_form,nan,nan,nan,0.09889249469512036,0.11747834781814731,0.9993859078059831,0.9991425845235241,nan,nan,nan,nan,nan,0.00013079121708869934,921.8859803490341
4,3,vqbr,0.9999914018906956,-0.9999914018906959,0.9999914018906956,0.09146975470252439,0.08674739878384065,0.9993943156504879,0.9994367872518278,-3.611364947286631,-7.483729824663473,1000.0,1000.0,nan,919.3519117981195,919.353788336739
4,3,closed_form,nan,nan,nan,0.09046641440006212,0.0925304347234915,0.9994075303905966,0.999359190768179,nan,nan,nan,nan,nan,0.00013201870024204254,919.353788336739
4,4,vqbr,0.9992520359247099,-0.9992520359247099,0.9992520359247098,0.19001502262962222,0.225915296085485,0.9982152081731975,0.9966956739316801,-4.835834704747061,-7.887473634026,1000.0,1000.0,nan,923.0838712994009,923.0857600402087
4,4,closed_form,nan,nan,nan,0.08482473738687234,0.10697045464411227,0.9996443222151702,0.9992591687282852,nan,nan,nan,nan,nan,0.00013370439410209656,923.0857600402087
4,5,vqbr,0.9999999859549901,-0.99999998595499,0.9999999859549902,0.0973451370672541,0.11876294034676446,0.9995468474934182,0.9993017903862157,-4.290145247068362,-7.896305461110284,1000.0,1000.0,nan,924.3163315542042,924.3182210698724
4,5,closed_form,nan,nan,nan,0.09736546747607201,0.11874789271369057,0.9995466581929964,0.9993019673056561,nan,nan,nan,nan,nan,0.00013062730431556702,924.3182210698724
4,6,vqbr,0.9999788518285055,-0.9999788518285055,0.9999788518285057,0.09583532941051158,0.10047768236647232,0.999079486598537,0.9991719231805792,-2.9198523148753095,-7.147264320016101,1000.0,1000.0,nan,922.0013846214861,922.0032728184015
4,6,closed_form,nan,nan,nan,0.09449762926676654,0.09838605385801386,0.999105004890856,0.9992060402372309,nan,nan,nan,nan,nan,0.00013149157166481018,922.0032728184015
4,7,vqbr,0.9999979957630007,0.9999979957630009,0.999997995763001,0.09549079543655749,0.08873079288209633,0.9995405209109798,0.999525417538576,4.257202325102693,-7.8356465763342005,1000.0,1000.0,nan,924.9622220173478,924.9640904199332
4,7,closed_form,nan,nan,nan,0.09536428150458774,0.08957034979180246,0.9995417376145991,0.9995163942005567,nan,nan,nan,nan,nan,0.00012861192226409912,924.9640904199332
4,8,vqbr,0.9999998496077072,-0.999999849607707,0.999999849607707,0.08592479596173591,0.09097351774467369,0.9985020786636373,0.9982149931284494,-2.144082538259565,-6.454816839354989,1000.0,1000.0,nan,925.9897268153727,925.9916457626969
4,8,closed_form,nan,nan,nan,0.08592539725453249,0.09096341659988862,0.998502057698968,0.9982153894990041,nan,nan,nan,nan,nan,0.00012800469994544983,925.9916457626969
4,9,vqbr,0.9999188907303006,0.9999188907303005,0.9999188907303003,0.10504450449937278,0.10493479924335769,0.999090145251279,0.9988956310140854,3.4774935949177452,-7.362925428449972,1000.0,1000.0,nan,922.859566045925,922.8618999179453
4,9,closed_form,nan,nan,nan,0.09562759642955025,0.09956458363958648,0.9992459643617453,0.9990057745092494,nan,nan,nan,nan,nan,0.0001577083021402359,922.8618999179453
4,10,vqbr,0.9999292206443944,0.9999292206443942,0.9999292206443943,0.09110031350923414,0.11632351109379577,0.9990925931729818,0.9992016114299537,4.001854002350393,-7.122116620424389,1000.0,1000.0,nan,926.9861066211015,926.9880092013627
4,10,closed_form,nan,nan,nan,0.08109925860311282,0.09795207214813385,0.999280888776075,0.9994338825241025,nan,nan,nan,nan,nan,0.0001309271901845932,926.9880092013627
4,11,vqbr,0.9999947187589822,-0.9999947187589822,0.9999947187589822,0.09188476328871245,0.1084571173437118,0.9993777037454397,0.9991260934589005,-3.3569275317070963,-7.437812877099906,1000.0,1000.0,nan,927.6989064309746,927.7011972293258
4,11,closed_form,nan,nan,nan,0.09162901663688774,0.10836205375466522,0.9993811630501866,0.999127624760591,nan,nan,nan,nan,nan,0.00013862177729606628,927.7011972293258
4,12,vqbr,0.9998834848341452,-0.9998834848341455,0.9998834848341454,0.10253987566415064,0.10391173870247769,0.9991371473906479,0.9991244614774889,-3.6834117613882897,-7.371029860513584,1000.0,1000.0,nan,933.0185287650675,933.0204118415713
4,12,closed_form,nan,nan,nan,0.0895497233525889,0.10056181988457566,0.9993419187140344,0.9991800029607494,nan,nan,nan,nan,nan,0.00013031810522079468,933.0204118415713
4,13,vqbr,0.9986546926815004,-0.9986546926815006,0.9986546926815008,0.24801349141575094,0.20818148356999588,0.9971025636687324,0.9978906263235512,-4.586656604157059,-7.89658300330995,1000.0,1000.0,nan,928.11535285227,928.1172263901681
4,13,closed_form,nan,nan,nan,0.09398304627716367,0.12972831627681622,0.9995839339071506,0.9991808963018827,nan,nan,nan,nan,nan,0.0001301988959312439,928.1172263901681
4,14,vqbr,0.9999936397252168,0.9999936397252165,0.9999936397252166,0.10311110134932903,0.1009910223357954,0.9991200937746356,0.9993943555191807,3.893372845576002,-7.416271897835616,1000.0,1000.0,nan,929.9717255234718,929.973613569513
4,14,closed_form,nan,nan,nan,0.10267239131072013,0.10087637215513069,0.9991275653751811,0.9993957298558925,nan,nan,nan,nan,nan,0.00013433583080768585,929.973613569513
4,15,vqbr,0.9998148547251939,0.9998148547251939,0.9998148547251938,0.10865490707736726,0.13522096325218175,0.9987359681972126,0.9980579180345619,3.260912543253917,-7.103280288676312,1000.0,1000.0,nan,928.1345405168831,928.1364319697022
4,15,closed_form,nan,nan,nan,0.09134147438374872,0.10538182725071572,0.9991067040883913,0.9988204646688477,nan,nan,nan,nan,nan,0.00013079866766929626,928.1364319697022
4,16,vqbr,0.9999984271432524,0.9999984271432525,0.9999984271432524,0.09384027968012106,0.11400858861632934,0.9993276185582548,0.9992299166237997,3.8054277111320833,-7.45727807016308,1000.0,1000.0,nan,924.5064640212804,924.5083483122289
4,16,closed_form,nan,nan,nan,0.09396203479363664,0.11321633808851832,0.9993258726344707,0.9992405821213175,nan,nan,nan,nan,nan,0.00013262219727039337,924.5083483122289
4,17,vqbr,0.9999999995126919,-0.999999999512692,0.999999999512692,0.087542046049883,0.10629455199732755,0.999368188146359,0.9988892268481045,-3.0633067877841706,-7.324417065248178,1000.0,1000.0,nan,926.7124459054321,926.7143307179213
4,17,closed_form,nan,nan,nan,0.08753884272226713,0.10627539516830828,0.9993682343838739,0.9988896271879802,nan,nan,nan,nan,nan,0.0001344885677099228,926.7143307179213
4,18,vqbr,0.9984166989719006,-0.9984166989719006,0.9984166989719008,0.19666177246475514,0.24303421977905598,0.9974251339366862,0.9978031085069561,-3.8143561981420437,-7.548795082060868,1000.0,1000.0,nan,921.2868617735803,921.2887684833258
4,18,closed_form,nan,nan,nan,0.09235465843840998,0.08625147373915122,0.9994321516631167,0.9997233015025465,nan,nan,nan,nan,nan,0.0001352950930595398,921.2887684833258
4,19,vqbr,0.9994834253472626,-0.9994834253472625,0.9994834253472623,0.13555596904424927,0.18715699021655585,0.9987260418089501,0.997425177480075,-3.735805247785475,-7.515605290824373,1000.0,1000.0,nan,927.892410537228,927.8942914064974
4,19,closed_form,nan,nan,nan,0.08356606745346712,0.10967245708119608,0.9995158523660271,0.9991158410633794,nan,nan,nan,nan,nan,0.00013572722673416138,927.8942914064974
5,0,vqbr,0.999958373672614,0.9999583736726142,0.9999583736726143,0.10885225397623073,0.10995594512714675,0.9993079726676356,0.9993234165667378,4.304161040749923,-7.75887901948818,1000.0,1000.0,nan,997.3495282363147,997.3515616562217
5,0,closed_form,nan,nan,nan,0.10428723908910296,0.09964290884207677,0.9993647996404642,0.9994443814685382,nan,nan,nan,nan,nan,0.000195331871509552,997.3515616562217
5,1,vqbr,0.9999997714104143,0.9999997714104143,0.9999997714104145,0.10219555122844895,0.09992346956567566,0.9991325507400832,0.9992258679885911,3.372476398235253,-7.341119506802038,1000.0,1000.0,nan,1003.0680189039558,1003.0699178688228
5,1,closed_form,nan,nan,nan,0.10219514526668175,0.09966254629150118,0.9991325576317831,0.9992299055853615,nan,nan,nan,nan,nan,0.0001429002732038498,1003.0699178688228
5,2,vqbr,0.9999744146093371,-0.9999744146093371,0.9999744146093372,0.10335568689630613,0.11595224745803236,0.9993292268551967,0.9991647163130036,-3.7985406102178674,-7.627392564477683,1000.0,1000.0,nan,998.8818885628134,998.8838060162961
5,2,closed_form,nan,nan,nan,0.09889249469512036,0.11747834781814731,0.9993859078059831,0.9991425845235241,nan,nan,nan,nan,nan,0.00013079121708869934,998.8838060162961
5,3,vqbr,0.9999999979488631,-0.9999999979488633,0.9999999979488633,0.09047000989778159,0.09258488060828296,0.9994074832954293,0.9993584364284773,-3.612076018418777,-7.4837417846961,1000.0,1000.0,nan,997.2814717553556,997.283348293975
5,3,closed_form,nan,nan,nan,0.09046641440006212,0.0925304347234915,0.9994075303905966,0.999359190768179,nan,nan,nan,nan,nan,0.00013201870024204254,997.283348293975
5,4,vqbr,0.9999999992899271,-0.9999999992899273,0.9999999992899272,0.08482626144224475,0.10698341214516816,0.9996443094340518,0.9992589892412782,-4.846539207764849,-7.888884553887162,1000.0,1000.0,nan,1003.6498813722283,1003.651770113036
5,4,closed_form,nan,nan,nan,0.08482473738687234,0.10697045464411227,0.9996443222151702,0.9992591687282852,nan,nan,nan,nan,nan,0.00013370439410209656,1003.651770113036
5,5,vqbr,0.9999982679478892,-0.9999982679478892,0.9999982679478893,0.09737994136116242,0.11955358703461139,0.9995465233997252,0.9992924629871192,-4.290029121643252,-7.896303288253764,1000.0,1000.0,nan,999.3211374524981,999.3230269681662
5,5,closed_form,nan,nan,nan,0.09736546747607201,0.11874789271369057,0.9995466581929964,0.9993019673056561,nan,nan,nan,nan,nan,0.00013062730431556702,999.3230269681662
5,6,vqbr,0.9999999968464912,0.9999999968464912,0.9999999968464913,0.0944986069534319,0.09844927397668657,0.9991049863712526,0.9992050195568569,2.9187910093828777,-7.147290719064737,1000.0,1000.0,nan,998.6091170925647,998.6110052894801
5,6,closed_form,nan,nan,nan,0.09449762926676654,0.09838605385801386,0.999105004890856,0.9992060402372309,nan,nan,nan,nan,nan,0.00013149157166481018,998.6110052894801
5,7,vqbr,0.9999994345405397,0.9999994345405399,0.9999994345405399,0.09547836021479152,0.08777312002224016,0.999540640573871,0.9995356066069679,4.258031429824208,-7.835648324436653,1000.0,1000.0,nan,1003.3386391662061,1003.3405075687915
5,7,closed_form,nan,nan,nan,0.09536428150458774,0.08957034979180246,0.9995417376145991,0.9995163942005567,nan,nan,nan,nan,nan,0.00012861192226409912,1003.3405075687915
5,8,vqbr,0.9999985691183101,0.9999985691183102,0.9999985691183101,0.08605804886196589,0.09102654690458152,0.9984974290829739,0.9982129115335976,2.1446954121486406,-6.454815312722062,1000.0,1000.0,nan,1000.9232442043722,1000.9251631516963
5,8,closed_form,nan,nan,nan,0.08592539725453249,0.09096341659988862,0.998502057698968,0.9982153894990041,nan,nan,nan,nan,nan,0.00012800469994544983,1000.9251631516963
5,9,vqbr,0.9999999931047708,-0.9999999931047708,0.9999999931047708,0.0956150409630283,0.09960644413771629,0.9992461623516156,0.9990049383178693,-3.4743802192447166,-7.363070136166709,1000.0,1000.0,nan,1000.3869797475636,1000.3893136195838
5,9,closed_form,nan,nan,nan,0.09562759642955025,0.09956458363958648,0.9992459643617453,0.9990057745092494,nan,nan,nan,nan,nan,0.0001577083021402359,1000.3893136195838
5,10,vqbr,0.9999998583760198,0.9999998583760198,0.99999985837602,0.08113905730159883,0.09827248057748716,0.9992801828087531,0.9994301728429213,4.007326906577934,-7.122339996395468,1000.0,1000.0,nan,1003.757190246135,1003.7590928263962
5,10,closed_form,nan,nan,nan,0.08109925860311282,0.09795207214813385,0.999280888776075,0.9994338825241025,nan,nan,nan,nan,nan,0.0001309271901845932,1003.7590928263962
5,11,vqbr,0.99999807647848,0.9999980764784799,0.9999980764784799,0.09199939572475412,0.11104501044610167,0.999376150063831,0.9990838913704776,3.3567675115078406,-7.437815973281,1000.0,1000.0,nan,1001.0956335607916,1001.0979243591428
5,11,closed_form,nan,nan,nan,0.09162901663688774,0.10836205375466522,0.9993811630501866,0.999127624760591,nan,nan,nan,nan,nan,0.00013862177729606628,1001.0979243591428
5,12,vqbr,0.9999822019425546,-0.9999822019425545,0.9999822019425546,0.09156707814634059,0.10599586994352858,0.9993119345414864,0.9990889883662752,-3.6736408206706286,-7.37121499946433,1000.0,1000.0,nan,997.1795724313706,997.1814555078745
5,12,closed_form,nan,nan,nan,0.0895497233525889,0.10056181988457566,0.9993419187140344,0.9991800029607494,nan,nan,nan,nan,nan,0.00013031810522079468,997.1814555078745
5,13,vqbr,0.9999942417534048,0.999994241753405,0.9999942417534049,0.09523994445013838,0.12728255196585037,0.9995727308310409,0.9992114902422549,4.595707533520491,-7.899071601447205,1000.0,1000.0,nan,1004.2132122702897,1004.2150858081877
5,13,closed_form,nan,nan,nan,0.09398304627716367,0.12972831627681622,0.9995839339071506,0.9991808963018827,nan,nan,nan,nan,nan,0.0001301988959312439,1004.2150858081877
5,14,vqbr,0.9999957689636317,0.9999957689636317,0.9999957689636318,0.10333689892916306,0.1042228399332664,0.9991162358343407,0.9993549727942381,3.894223886647996,-7.416274972939227,1000.0,1000.0,nan,1004.0492175575346,1004.0511056035757
5,14,closed_form,nan,nan,nan,0.10267239131072013,0.10087637215513069,0.9991275653751811,0.9993957298558925,nan,nan,nan,nan,nan,0.00013433583080768585,1004.0511056035757
5,15,vqbr,0.9999999153138046,0.9999999153138046,0.9999999153138046,0.091387651994163,0.10543864202190546,0.999105800649994,0.9988191924742637,3.262722816465674,-7.10366355089466,1000.0,1000.0,nan,991.6583446487784,991.6602361015975
5,15,closed_form,nan,nan,nan,0.09134147438374872,0.10538182725071572,0.9991067040883913,0.9988204646688477,nan,nan,nan,nan,nan,0.00013079866766929626,991.6602361015975
5,16,vqbr,0.9999963411493668,0.9999963411493669,0.9999963411493668,0.09432825417127501,0.11137143162018073,0.9993206075375118,0.99926513051422,3.805255511899193,-7.457275009963552,1000.0,1000.0,nan,1000.7451548483223,1000.7470391392708
5,16,closed_form,nan,nan,nan,0.09396203479363664,0.11321633808851832,0.9993258726344707,0.9992405821213175,nan,nan,nan,nan,nan,0.00013262219727039337,1000.7470391392708
5,17,vqbr,0.9999894674748583,0.9999894674748584,0.9999894674748584,0.08763881451799053,0.10680048855224376,0.9993667905720601,0.9988786276559936,3.0634876618435842,-7.324405477276296,1000.0,1000.0,nan,999.3183698095381,999.3202546220273
5,17,closed_form,nan,nan,nan,0.08753884272226713,0.10627539516830828,0.9993682343838739,0.9988896271879802,nan,nan,nan,nan,nan,0.0001344885677099228,999.3202546220273
5,18,vqbr,0.999566747030712,-0.999566747030712,0.999566747030712,0.14227165977431913,0.13049296690939544,0.998652429356345,0.9993666438924429,-3.84819481949721,-7.550168064357843,1000.0,1000.0,nan,1000.2413205113262,1000.2432272210717
5,18,closed_form,nan,nan,nan,0.09235465843840998,0.08625147373915122,0.9994321516631167,0.9997233015025465,nan,nan,nan,nan,nan,0.0001352950930595398,1000.2432272210717
5,19,vqbr,0.9999996793355006,-0.9999996793355006,0.9999996793355007,0.08361353178619169,0.11012003606440819,0.9995153022319555,0.9991086097408088,-3.7306557789012853,-7.516406198764087,1000.0,1000.0,nan,1003.1247947663069,1003.1266756355762
5,19,closed_form,nan,nan,nan,0.08356606745346712,0.10967245708119608,0.9995158523660271,0.9991158410633794,nan,nan,nan,nan,nan,0.00013572722673416138,1003.1266756355762
