reps,category,method,metric,mean,std,n_valid
1,method_metric,vqbr,cosine_similarity,0.8640092905152642,0.05780614044240104,20
1,method_metric,vqbr,feature_cosine_similarity,0.08615525480753532,0.861644286256565,20
1,method_metric,vqbr,state_overlap_abs,0.8640092905152651,0.05780614044240204,20
1,method_metric,vqbr,train_rmse,1.6036775134913164,0.39176120916028784,20
1,method_metric,vqbr,test_rmse,1.8143632607631712,0.46705589413737775,20
1,method_metric,vqbr,train_r2,0.7944689228975587,0.0942197582353336,20
1,method_metric,vqbr,test_r2,0.7497692338738151,0.11138630771195011,20
1,method_metric,vqbr,t_hat,0.28998272689554927,3.349676684263733,20
1,method_metric,vqbr,final_objective,-7.210524653007779,0.3879433553597094,20
1,method_metric,closed_form,train_rmse,0.09285714583706758,0.006229820497105436,20
1,method_metric,closed_form,test_rmse,0.1035897557234761,0.010444312177826631,20
1,method_metric,closed_form,train_r2,0.9993170412700836,0.0002435844540127286,20
1,method_metric,closed_form,test_r2,0.9991894374886436,0.0003025071604733978,20
1,runtime_seconds,runtime,prior_estimation,0.0018027851358056069,0.000122447862357115,20
1,runtime_seconds,runtime,closed_form_fit,0.000137226190418005,1.4777768761908257e-05,20
1,runtime_seconds,runtime,vqbr_fit,533.4015819157473,177.6787310848819,20
1,runtime_seconds,runtime,total,533.4035219270736,177.678768139036,20
1,iterations,vqbr,vqbr_objective_evaluations,764.85,255.00985765260134,20
1,iterations,vqbr,vqbr_optimizer_nfev,764.85,255.00985765260134,20
1,iterations,vqbr,vqbr_optimizer_iterations,nan,nan,0
2,method_metric,vqbr,cosine_similarity,0.959292968615814,0.025711813745603048,20
2,method_metric,vqbr,feature_cosine_similarity,-0.00547804505637467,0.9596218463666768,20
2,method_metric,vqbr,state_overlap_abs,0.9592929686158153,0.025711813745602566,20
2,method_metric,vqbr,train_rmse,0.8857559146939977,0.32133149322038457,20
2,method_metric,vqbr,test_rmse,1.0146705779114351,0.36821368321792997,20
2,method_metric,vqbr,train_r2,0.9357440259136341,0.038629555492357776,20
2,method_metric,vqbr,test_r2,0.917221555087808,0.056922413101455516,20
2,method_metric,vqbr,t_hat,-0.08598526245776099,3.622283017490267,20
2,method_metric,vqbr,final_objective,-7.382470344236957,0.3415845590144417,20
2,method_metric,closed_form,train_rmse,0.09285714583706758,0.006229820497105436,20
2,method_metric,closed_form,test_rmse,0.1035897557234761,0.010444312177826631,20
2,method_metric,closed_form,train_r2,0.9993170412700836,0.0002435844540127286,20
2,method_metric,closed_form,test_r2,0.9991894374886436,0.0003025071604733978,20
2,runtime_seconds,runtime,prior_estimation,0.0018027851358056069,0.000122447862357115,20
2,runtime_seconds,runtime,closed_form_fit,0.000137226190418005,1.4777768761908257e-05,20
2,runtime_seconds,runtime,vqbr_fit,772.5900732210837,5.032983308426994,20
2,runtime_seconds,runtime,total,772.59201323241,5.032976759594351,20
2,iterations,vqbr,vqbr_objective_evaluations,1000.0,0.0,20
2,iterations,vqbr,vqbr_optimizer_nfev,1000.0,0.0,20
2,iterations,vqbr,vqbr_optimizer_iterations,nan,nan,0
3,method_metric,vqbr,cosine_similarity,0.9967197237664573,0.004931934071015675,20
3,method_metric,vqbr,feature_cosine_similarity,-0.10160851510144611,0.991539329213745,20
3,method_metric,vqbr,state_overlap_abs,0.9967197237664577,0.004931934071015242,20
3,method_metric,vqbr,train_rmse,0.23039631383597087,0.15122728610057207,20
3,method_metric,vqbr,test_rmse,0.2640919992693679,0.17186704434985903,20
3,method_metric,vqbr,train_r2,0.9945242763920806,0.006616335205360951,20
3,method_metric,vqbr,test_r2,0.9926754039793659,0.009530734787998358,20
3,method_metric,vqbr,t_hat,-0.5329894395416971,3.7107807268017092,20
3,method_metric,vqbr,final_objective,-7.444925477983114,0.3356148195091003,20
3,method_metric,closed_form,train_rmse,0.09285714583706758,0.006229820497105436,20
3,method_metric,closed_form,test_rmse,0.1035897557234761,0.010444312177826631,20
3,method_metric,closed_form,train_r2,0.9993170412700836,0.0002435844540127286,20
3,method_metric,closed_form,test_r2,0.9991894374886436,0.0003025071604733978,20
3,runtime_seconds,runtime,prior_estimation,0.0018027851358056069,0.000122447862357115,20
3,runtime_seconds,runtime,closed_form_fit,0.000137226190418005,1.4777768761908257e-05,20
3,runtime_seconds,runtime,vqbr_fit,852.2367410442791,3.5909027556126825,20
3,runtime_seconds,runtime,total,852.2386810556054,3.5909075658614884,20
3,iterations,vqbr,vqbr_objective_evaluations,1000.0,0.0,20
3,iterations,vqbr,vqbr_optimizer_nfev,1000.0,0.0,20
3,iterations,vqbr,vqbr_optimizer_iterations,nan,nan,0
4,method_metric,vqbr,cosine_similarity,0.9993712936984067,0.0017149395500604696,20
4,method_metric,vqbr,feature_cosine_similarity,-0.10019422083290244,0.9943374888828115,20
4,method_metric,vqbr,state_overlap_abs,0.9993712936984067,0.00171493955006041,20
4,method_metric,vqbr,train_rmse,0.1323998878285707,0.07922073460045878,20
4,method_metric,vqbr,test_rmse,0.1513117410422811,0.1055605245661071,20
4,method_metric,vqbr,train_r2,0.9984377723037318,0.002151152374883442,20
4,method_metric,vqbr,test_r2,0.9978902080914018,0.0037015318011453936,20
4,method_metric,vqbr,t_hat,-0.29573277543085713,3.7444663231027238,20
4,method_metric,vqbr,final_objective,-7.4489248731577735,0.33369973636434486,20
4,method_metric,closed_form,train_rmse,0.09285714583706758,0.006229820497105436,20
4,method_metric,closed_form,test_rmse,0.1035897557234761,0.010444312177826631,20
4,method_metric,closed_form,train_r2,0.9993170412700836,0.0002435844540127286,20
4,method_metric,closed_form,test_r2,0.9991894374886436,0.0003025071604733978,20
4,runtime_seconds,runtime,prior_estimation,0.0018027851358056069,0.000122447862357115,20
4,runtime_seconds,runtime,closed_form_fit,0.000137226190418005,1.4777768761908257e-05,20
4,runtime_seconds,runtime,vqbr_fit,925.0090917045251,3.957522909824978,20
4,runtime_seconds,runtime,total,925.0110317158512,3.957504135863387,20
4,iterations,vqbr,vqbr_objective_evaluations,1000.0,0.0,20
4,iterations,vqbr,vqbr_optimizer_nfev,1000.0,0.0,20
4,iterations,vqbr,vqbr_optimizer_iterations,nan,nan,0
5,method_metric,vqbr,cosine_similarity,0.9999725558153745,9.368383906003391e-05,20
5,method_metric,vqbr,feature_cosine_similarity,0.20002042569441908,0.9797637217541878,20
5,method_metric,vqbr,state_overlap_abs,0.9999725558153747,9.368383906005134e-05,20
5,method_metric,vqbr,train_rmse,0.09606260242956632,0.012680353693311393,20
5,method_metric,vqbr,test_rmse,0.10664256225072548,0.010840365023008912,20
5,method_metric,vqbr,train_r2,0.9992687724599577,0.00027982791442559575,20
5,method_metric,vqbr,test_r2,0.9991595042717198,0.0002773193483918344,20
5,method_metric,vqbr,t_hat,0.5854795261222516,3.715363794014601,20
5,method_metric,vqbr,final_objective,-7.449789052738938,0.33441880067027135,20
5,method_metric,closed_form,train_rmse,0.09285714583706758,0.006229820497105436,20
5,method_metric,closed_form,test_rmse,0.1035897557234761,0.010444312177826631,20
5,method_metric,closed_form,train_r2,0.9993170412700836,0.0002435844540127286,20
5,method_metric,closed_form,test_r2,0.9991894374886436,0.0003025071604733978,20
5,runtime_seconds,runtime,prior_estimation,0.0018027851358056069,0.000122447862357115,20
5,runtime_seconds,runtime,closed_form_fit,0.000137226190418005,1.4777768761908257e-05,20
5,runtime_seconds,runtime,vqbr_fit,1000.4096358572133,3.061312285110476,20
5,runtime_seconds,runtime,total,1000.4115758685396,3.061308359584988,20
5,iterations,vqbr,vqbr_objective_evaluations,1000.0,0.0,20
5,iterations,vqbr,vqbr_optimizer_nfev,1000.0,0.0,20
5,iterations,vqbr,vqbr_optimizer_iterations,nan,nan,0
