seed,method_key,method_label,backend_name,status,objective_eval,batch_loss,L_tilde,full_L_tilde,a_hat,c_hat,d_hat,e_hat,h_hat,epoch,batch_position,batch_size
0,vqbr_sim,Statevector simulation,statevector_simulator,success,1,2.277290232681609,2.277290232681609,2.277290232681609,26.092511065937256,1.4402701888811102,0.3610798045586101,0.20688692159056393,0.10303223428065114,0,0,30
0,vqbr_sim,Statevector simulation,statevector_simulator,success,2,-2.381751650573956,-2.381751650573956,-2.381751650573956,31.533650499026777,-18.3067198902029,0.4596247252388522,-0.30215647879834817,-0.15047764679189815,0,0,30
0,vqbr_sim,Statevector simulation,statevector_simulator,success,3,-1.546327783679954,-1.546327783679954,-1.546327783679954,35.469234577232484,12.844272798506115,0.48441812685745766,0.14701851350926043,0.07321702991674306,0,0,30
0,vqbr_sim,Statevector simulation,statevector_simulator,success,4,-3.1977656450066285,-3.1977656450066285,-3.1977656450066285,27.812985235871913,-26.1986714800852,0.48984935974161314,-0.1222417623098737,-0.060877902751707944,0,0,30
0,vqbr_sim,Statevector simulation,statevector_simulator,success,5,-2.8541106350359136,-2.8541106350359136,-2.8541106350359136,25.274270981769472,20.662829571828873,0.4777350882242673,0.4802275339749838,0.23915922479841573,0,0,30
0,vqbr_sim,Statevector simulation,statevector_simulator,success,6,-2.7147467146282516,-2.7147467146282516,-2.7147467146282516,27.740777170348565,20.04787731552678,0.5328153737458704,0.6149742774657482,0.3062647621478025,0,0,30
0,vqbr_sim,Statevector simulation,statevector_simulator,success,7,-1.6335518141662368,-1.6335518141662368,-1.6335518141662368,27.55897056390054,-11.82524319225008,0.47096428993188544,-0.1568395309134962,-0.07810801750691138,0,0,30
0,vqbr_sim,Statevector simulation,statevector_simulator,success,8,-3.330373111670508,-3.330373111670508,-3.330373111670508,31.741986016261922,-29.59910643712997,0.6653262587100298,-0.49648202375558886,-0.24725416084518098,0,0,30
0,vqbr_sim,Statevector simulation,statevector_simulator,success,9,-3.1853681102800127,-3.1853681102800127,-3.1853681102800127,27.451926860630447,-25.42409550056262,0.6121589269500385,-0.6236023923169999,-0.3105616695787799,0,0,30
0,vqbr_sim,Statevector simulation,statevector_simulator,success,10,-1.6037954653733744,-1.6037954653733744,-1.6037954653733744,24.75916963496811,-10.92920317231071,0.6789303550483221,-0.3169008277433464,-0.15782051410867887,0,0,30
0,vqbr_sim,Statevector simulation,statevector_simulator,success,11,-3.956411792089658,-3.956411792089658,-3.956411792089658,36.61510916091795,-43.18521307361276,0.7744977615393187,-1.022632900582697,-0.5092837758225115,0,0,30
0,vqbr_sim,Statevector simulation,statevector_simulator,success,12,-4.299632707126598,-4.299632707126598,-4.299632707126598,38.142288342685404,-52.42145874714484,0.7601323426506555,-1.1140202061229438,-0.5547957792024758,0,0,30
0,vqbr_sim,Statevector simulation,statevector_simulator,success,13,-5.029554721516735,-5.029554721516735,-5.029554721516735,34.502832923246096,-72.17445360817315,0.7381720437180259,-1.22250654710961,-0.6088233127693854,0,0,30
0,vqbr_sim,Statevector simulation,statevector_simulator,success,14,-4.769854147019549,-4.769854147019549,-4.769854147019549,33.44990589362717,-62.08877579032534,0.7057223295086305,-1.3700170857776393,-0.6822853772733344,0,0,30
0,vqbr_sim,Statevector simulation,statevector_simulator,success,15,-5.15129300332824,-5.15129300332824,-5.15129300332824,35.3507615408715,-77.55542140875008,0.7118599721120011,-1.3519742900000036,-0.6732998428212422,0,0,30
0,vqbr_sim,Statevector simulation,statevector_simulator,success,16,-5.731531832702691,-5.731531832702691,-5.731531832702691,33.03030966498121,-100.26155499666943,0.6201599098600333,-1.61679166477641,-0.80518215606648,0,0,30
0,vqbr_sim,Statevector simulation,statevector_simulator,success,17,-5.048604805176767,-5.048604805176767,-5.048604805176767,26.148453252652413,-63.45491400512384,0.67203654259683,-1.188451135874012,-0.5918632986613206,0,0,30
0,vqbr_sim,Statevector simulation,statevector_simulator,success,18,-5.659872056428529,-5.659872056428529,-5.659872056428529,32.0250042202211,-95.33042152041112,0.6343817417253825,-1.503965734561003,-0.748993453631766,0,0,30
0,vqbr_sim,Statevector simulation,statevector_simulator,success,19,-5.430591289595304,-5.430591289595304,-5.430591289595304,34.497182890688805,-88.2310124136642,0.5792090430338515,-1.25298412303026,-0.6240015208379325,0,0,30
0,vqbr_sim,Statevector simulation,statevector_simulator,success,20,-5.6604069179223195,-5.6604069179223195,-5.6604069179223195,35.09961889544375,-99.77858357925665,0.5793637940302155,-1.460446637684806,-0.7273204075515289,0,0,30
0,vqbr_sim,Statevector simulation,statevector_simulator,success,21,-5.570299057559654,-5.570299057559654,-5.570299057559654,44.80309689592196,-107.78974987958517,0.5031652204356171,-1.267411219952342,-0.6311863927410841,0,0,30
0,vqbr_sim,Statevector simulation,statevector_simulator,success,22,-5.783939840005822,-5.783939840005822,-5.783939840005822,37.55007550072698,-109.5883306005211,0.48981343815258255,-1.606909833205692,-0.8002608822726193,0,0,30
0,vqbr_sim,Statevector simulation,statevector_simulator,success,23,-5.833221903183353,-5.833221903183353,-5.833221903183353,33.57489847254374,-106.21238392855128,0.5253891487115666,-1.6939811480045994,-0.8436234691220653,0,0,30
0,vqbr_sim,Statevector simulation,statevector_simulator,success,24,-5.846619947692485,-5.846619947692485,-5.846619947692485,32.9983394817211,-105.99097427672947,0.5232667203664685,-1.7150017074083093,-0.8540919665241368,0,0,30
0,vqbr_sim,Statevector simulation,statevector_simulator,success,25,-5.78076874077472,-5.78076874077472,-5.78076874077472,32.04713134596568,-101.06417372014285,0.5268303718601245,-1.669607595836776,-0.8314851400392018,0,0,30
0,vqbr_sim,Statevector simulation,statevector_simulator,success,26,-5.776969540517324,-5.776969540517324,-5.776969540517324,31.541094451718177,-100.08440653628504,0.515915818816244,-1.6375031753777465,-0.8154967433597563,0,0,30
0,vqbr_sim,Statevector simulation,statevector_simulator,success,27,-5.877864289525782,-5.877864289525782,-5.877864289525782,26.995414796733588,-97.42055878991826,0.5914247179471032,-1.825435571679617,-0.909089390665992,0,0,30
0,vqbr_sim,Statevector simulation,statevector_simulator,success,28,-5.781496653707587,-5.781496653707587,-5.781496653707587,25.27877071568246,-89.83228989813797,0.588691470542238,-1.7503078933215286,-0.8716748818220217,0,0,30
0,vqbr_sim,Statevector simulation,statevector_simulator,success,29,-5.818889365314672,-5.818889365314672,-5.818889365314672,27.90794123106069,-96.1613916032415,0.5745536602624619,-1.7526066729416871,-0.872819702376955,0,0,30
0,vqbr_sim,Statevector simulation,statevector_simulator,success,30,-5.878024660773509,-5.878024660773509,-5.878024660773509,35.970833979787834,-112.43294182747846,0.5894125438119164,-1.8289459764674876,-0.9108376154727761,0,0,30
0,vqbr_sim,Statevector simulation,statevector_simulator,success,31,-5.840374051875897,-5.840374051875897,-5.840374051875897,36.782964514206206,-111.57925056331972,0.5601502720145998,-1.7459199758943225,-0.8694896449163328,0,0,30
0,vqbr_sim,Statevector simulation,statevector_simulator,success,32,-5.903355855563625,-5.903355855563625,-5.903355855563625,36.87091407489605,-115.29505014368377,0.5951891174736913,-1.8480461164843238,-0.9203497203747114,0,0,30
0,vqbr_sim,Statevector simulation,statevector_simulator,success,33,-5.834132187942087,-5.834132187942087,-5.834132187942087,39.27658666810091,-114.96913719817961,0.5811313048209688,-1.7445858625660005,-0.8688252400523432,0,0,30
0,vqbr_sim,Statevector simulation,statevector_simulator,success,34,-5.876635290673571,-5.876635290673571,-5.876635290673571,34.46277981034914,-109.9713018776923,0.623945649810852,-1.886571617233471,-0.9395358940992209,0,0,30
0,vqbr_sim,Statevector simulation,statevector_simulator,success,35,-5.877698341963786,-5.877698341963786,-5.877698341963786,32.491011011420184,-106.82021730201491,0.6593807969768751,-1.9651070541819267,-0.9786475086797708,0,0,30
0,vqbr_sim,Statevector simulation,statevector_simulator,success,36,-5.8967381451159895,-5.8967381451159895,-5.8967381451159895,35.61510066028897,-112.9400804187554,0.6098726931998771,-1.865885316416349,-0.9292338615888829,0,0,30
0,vqbr_sim,Statevector simulation,statevector_simulator,success,37,-5.8896406947939015,-5.8896406947939015,-5.8896406947939015,36.901407181445336,-114.56114650464248,0.5892259905357162,-1.8194596058379815,-0.9061132860968155,0,0,30
0,vqbr_sim,Statevector simulation,statevector_simulator,success,38,-5.894464956234993,-5.894464956234993,-5.894464956234993,37.890281459474124,-116.35216419920023,0.6012709720347854,-1.8565560996768744,-0.9245877967851406,0,0,30
0,vqbr_sim,Statevector simulation,statevector_simulator,success,39,-5.889588601669664,-5.889588601669664,-5.889588601669664,38.83657802153757,-117.52461113528148,0.584110133455837,-1.8109874513096835,-0.9018940488269557,0,0,30
0,vqbr_sim,Statevector simulation,statevector_simulator,success,40,-5.915666465068851,-5.915666465068851,-5.915666465068851,37.63658433535074,-117.19689205876914,0.5553053746989768,-1.8056462776843687,-0.8992340785974882,0,0,30
0,vqbr_sim,Statevector simulation,statevector_simulator,success,41,-5.898482702406678,-5.898482702406678,-5.898482702406678,38.08767381652886,-116.88836889455403,0.5424555815533557,-1.7710797587821039,-0.8820195265783278,0,0,30
0,vqbr_sim,Statevector simulation,statevector_simulator,success,42,-5.929927339659907,-5.929927339659907,-5.929927339659907,35.42128504118338,-114.50412859295002,0.554057148292846,-1.8200053005865504,-0.9063850488005574,0,0,30
0,vqbr_sim,Statevector simulation,statevector_simulator,success,43,-5.930738657964286,-5.930738657964286,-5.930738657964286,35.302387943558045,-114.36211180580726,0.5570543176281005,-1.8216145916358273,-0.9071864955577525,0,0,30
0,vqbr_sim,Statevector simulation,statevector_simulator,success,44,-5.902635849956806,-5.902635849956806,-5.902635849956806,33.351376948470794,-109.57189953895093,0.6031895663146437,-1.9063612055554082,-0.9493913527460398,0,0,30
0,vqbr_sim,Statevector simulation,statevector_simulator,success,45,-5.910933145750954,-5.910933145750954,-5.910933145750954,35.64303732435957,-113.79416516184263,0.5475585344523237,-1.774657992113858,-0.8838015308351158,0,0,30
0,vqbr_sim,Statevector simulation,statevector_simulator,success,46,-5.9282229404372995,-5.9282229404372995,-5.9282229404372995,35.640021449880294,-114.76108054196834,0.5615270839155795,-1.8287924706288974,-0.9107611676750929,0,0,30
0,vqbr_sim,Statevector simulation,statevector_simulator,success,47,-5.933108108584392,-5.933108108584392,-5.933108108584392,34.94746345692231,-113.91931973163162,0.5614922208905446,-1.8322810980121245,-0.9124985470662266,0,0,30
0,vqbr_sim,Statevector simulation,statevector_simulator,success,48,-5.9204501049194445,-5.9204501049194445,-5.9204501049194445,36.07031776692075,-115.01586863307038,0.5523704478596586,-1.7953393937976083,-0.8941011235167133,0,0,30
0,vqbr_sim,Statevector simulation,statevector_simulator,success,49,-5.93120759156499,-5.93120759156499,-5.93120759156499,35.03687108238482,-113.95787560003619,0.550423768705521,-1.8112764505296195,-0.9020379739968333,0,0,30
0,vqbr_sim,Statevector simulation,statevector_simulator,success,50,-5.931629525851367,-5.931629525851367,-5.931629525851367,34.15901980229731,-112.5527614361185,0.5695101678036456,-1.8351646494646288,-0.9139345911937655,0,0,30
0,vqbr_sim,Statevector simulation,statevector_simulator,success,51,-5.930776751356317,-5.930776751356317,-5.930776751356317,34.463921650219845,-112.99490300757437,0.5584320887814747,-1.8269294054076728,-0.9098333382556323,0,0,30
0,vqbr_sim,Statevector simulation,statevector_simulator,success,52,-5.932375326153421,-5.932375326153421,-5.932375326153421,35.26619820754787,-114.39794181780813,0.5528420134895871,-1.8153777367736157,-0.9040804650440909,0,0,30
0,vqbr_sim,Statevector simulation,statevector_simulator,success,53,-5.9358003621262885,-5.9358003621262885,-5.9358003621262885,34.26520682512458,-112.9468967247233,0.574872658550224,-1.863770282437817,-0.9281805486258774,0,0,30
0,vqbr_sim,Statevector simulation,statevector_simulator,success,54,-5.936468910035334,-5.936468910035334,-5.936468910035334,33.89976131512081,-112.37930752248683,0.5807380150868883,-1.8755355183771798,-0.9340397809850429,0,0,30
0,vqbr_sim,Statevector simulation,statevector_simulator,success,55,-5.935973642067191,-5.935973642067191,-5.935973642067191,33.87121962996242,-112.30515170866084,0.579217190804406,-1.8715952479953355,-0.9320774778196705,0,0,30
0,vqbr_sim,Statevector simulation,statevector_simulator,success,56,-5.934455276729173,-5.934455276729173,-5.934455276729173,33.74350629635329,-112.00416687132119,0.5935695866255987,-1.898067626220704,-0.9452610481213255,0,0,30
0,vqbr_sim,Statevector simulation,statevector_simulator,success,57,-5.9354380375758335,-5.9354380375758335,-5.9354380375758335,33.92066609546188,-112.35734843301954,0.5808774626604737,-1.873461571113537,-0.933006929711939,0,0,30
0,vqbr_sim,Statevector simulation,statevector_simulator,success,58,-5.940507790154822,-5.940507790154822,-5.940507790154822,33.80529430245112,-112.45039925276232,0.5775425089085894,-1.8731580341007685,-0.932855764542232,0,0,30
0,vqbr_sim,Statevector simulation,statevector_simulator,success,59,-5.942035511114629,-5.942035511114629,-5.942035511114629,33.30376665798549,-111.70217753905575,0.5823482793621244,-1.8792980921932925,-0.9359135890727632,0,0,30
0,vqbr_sim,Statevector simulation,statevector_simulator,success,60,-5.941569892981746,-5.941569892981746,-5.941569892981746,33.61453087670039,-112.19632655095913,0.5820368690893626,-1.8776992570884656,-0.9351173495046446,0,0,30
0,vqbr_sim,Statevector simulation,statevector_simulator,success,61,-5.943430851786314,-5.943430851786314,-5.943430851786314,32.644116864794405,-110.66608922251213,0.5849979449737875,-1.8874089312589837,-0.9399528867934901,0,0,30
0,vqbr_sim,Statevector simulation,statevector_simulator,success,62,-5.944640334653593,-5.944640334653593,-5.944640334653593,32.380721679631606,-110.28398860669499,0.5786408157185057,-1.8795361421892656,-0.9360321409017868,0,0,30
0,vqbr_sim,Statevector simulation,statevector_simulator,success,63,-5.943326189470314,-5.943326189470314,-5.943326189470314,32.59191589650187,-110.5729363649663,0.5707108125038483,-1.862017311899026,-0.9273075477138273,0,0,30
0,vqbr_sim,Statevector simulation,statevector_simulator,success,64,-5.944995886568548,-5.944995886568548,-5.944995886568548,32.167772649492974,-109.94050324603528,0.5827840865777287,-1.8870435661532878,-0.9397709304722368,0,0,30
0,vqbr_sim,Statevector simulation,statevector_simulator,success,65,-5.945507241961076,-5.945507241961076,-5.945507241961076,31.722757824201327,-109.20583489484245,0.5915674341330541,-1.902858299685659,-0.9476468624928118,0,0,30
0,vqbr_sim,Statevector simulation,statevector_simulator,success,66,-5.945449874739094,-5.945449874739094,-5.945449874739094,31.721525230791315,-109.20031631706865,0.5927606914486143,-1.9051223004758506,-0.9487743627622018,0,0,30
0,vqbr_sim,Statevector simulation,statevector_simulator,success,67,-5.944092633654162,-5.944092633654162,-5.944092633654162,31.34010489778057,-108.47328293336417,0.592367927842075,-1.8988895572739999,-0.9456703799060254,0,0,30
0,vqbr_sim,Statevector simulation,statevector_simulator,success,68,-5.944385915161918,-5.944385915161918,-5.944385915161918,31.481646425580127,-108.7312317001166,0.5945649489095789,-1.9052952084640462,-0.9488604730692807,0,0,30
0,vqbr_sim,Statevector simulation,statevector_simulator,success,69,-5.944727729249674,-5.944727729249674,-5.944727729249674,31.405852507579432,-108.61047211726043,0.5921634208759339,-1.9100046549466785,-0.95120583540345,0,0,30
0,vqbr_sim,Statevector simulation,statevector_simulator,success,70,-5.945556891487031,-5.945556891487031,-5.945556891487031,32.061799634335266,-109.79015741722198,0.5899636399599895,-1.8999206532267021,-0.9461838783860061,0,0,30
0,vqbr_sim,Statevector simulation,statevector_simulator,success,71,-5.944054652671639,-5.944054652671639,-5.944054652671639,31.635205427221287,-108.97652537197922,0.5963824580470279,-1.9092706826823391,-0.9508403081786573,0,0,30
0,vqbr_sim,Statevector simulation,statevector_simulator,success,72,-5.945722463993977,-5.945722463993977,-5.945722463993977,32.09619823337514,-109.85853787807223,0.5904255054175955,-1.900398637614041,-0.9464219204961606,0,0,30
0,vqbr_sim,Statevector simulation,statevector_simulator,success,73,-5.945666558876989,-5.945666558876989,-5.945666558876989,32.77689412128038,-111.01206423008108,0.586850320389353,-1.8953553056703747,-0.9439102790913778,0,0,30
0,vqbr_sim,Statevector simulation,statevector_simulator,success,74,-5.94573527329826,-5.94573527329826,-5.94573527329826,32.23788552748004,-110.10211734760301,0.5872176407832024,-1.89402397560796,-0.9432472603280795,0,0,30
0,vqbr_sim,Statevector simulation,statevector_simulator,success,75,-5.945477524366195,-5.945477524366195,-5.945477524366195,32.163911667913034,-109.96192750079206,0.5897924641006262,-1.8979273348050685,-0.9451911812689784,0,0,30
0,vqbr_sim,Statevector simulation,statevector_simulator,success,76,-5.945283370738111,-5.945283370738111,-5.945283370738111,32.6006336300153,-110.69419452576962,0.5860806298215808,-1.8917067123365114,-0.9420932346872207,0,0,30
0,vqbr_sim,Statevector simulation,statevector_simulator,success,77,-5.94499644154974,-5.94499644154974,-5.94499644154974,32.27772913113721,-110.13098894372295,0.5871485326290231,-1.8915946766179081,-0.9420374395198985,0,0,30
0,vqbr_sim,Statevector simulation,statevector_simulator,success,78,-5.946687784822937,-5.946687784822937,-5.946687784822937,32.031835215152945,-109.79991734830062,0.5857933004930842,-1.8949036284290044,-0.9436853382638266,0,0,30
0,vqbr_sim,Statevector simulation,statevector_simulator,success,79,-5.947026574124456,-5.947026574124456,-5.947026574124456,31.909039177623654,-109.60572216165723,0.5857456591435436,-1.8974557575443982,-0.9449563299867936,0,0,30
0,vqbr_sim,Statevector simulation,statevector_simulator,success,80,-5.9469116579317856,-5.9469116579317856,-5.9469116579317856,32.08449404851743,-109.899156760658,0.5808972230377807,-1.8899255534163826,-0.9412061956141904,0,0,30
0,vqbr_sim,Statevector simulation,statevector_simulator,success,81,-5.946743984785116,-5.946743984785116,-5.946743984785116,31.705184369539083,-109.24014785455724,0.5869356930280712,-1.8990679796933465,-0.9457592364677148,0,0,30
0,vqbr_sim,Statevector simulation,statevector_simulator,success,82,-5.947303515037246,-5.947303515037246,-5.947303515037246,31.859420579086763,-109.53490907569733,0.5863609249618011,-1.899590989996105,-0.9460197020381371,0,0,30
0,vqbr_sim,Statevector simulation,statevector_simulator,success,83,-5.947222534896144,-5.947222534896144,-5.947222534896144,31.803256516011743,-109.43382916529953,0.5858998519273584,-1.8988814299788452,-0.9456663324129697,0,0,30
0,vqbr_sim,Statevector simulation,statevector_simulator,success,84,-5.946913952738205,-5.946913952738205,-5.946913952738205,32.106920955215344,-109.93611417284167,0.5854767585334141,-1.899298290489941,-0.9458739340801576,0,0,30
0,vqbr_sim,Statevector simulation,statevector_simulator,success,85,-5.947520260193265,-5.947520260193265,-5.947520260193265,31.93206088575075,-109.67199514764324,0.5847342823641254,-1.896476199886991,-0.9444684982124434,0,0,30
0,vqbr_sim,Statevector simulation,statevector_simulator,success,86,-5.947880501682797,-5.947880501682797,-5.947880501682797,31.861969583794554,-109.57120889183346,0.5819730993558039,-1.8922852649141644,-0.9423813609944137,0,0,30
0,vqbr_sim,Statevector simulation,statevector_simulator,success,87,-5.948149402743105,-5.948149402743105,-5.948149402743105,31.66227126320719,-109.24184381948893,0.5858814313476188,-1.8997581557788106,-0.9461029526561802,0,0,30
0,vqbr_sim,Statevector simulation,statevector_simulator,success,88,-5.948339171017881,-5.948339171017881,-5.948339171017881,31.632141891191665,-109.19952265519468,0.5861004787675249,-1.9010663478099536,-0.9467544483950145,0,0,30
0,vqbr_sim,Statevector simulation,statevector_simulator,success,89,-5.9485566091878255,-5.9485566091878255,-5.9485566091878255,31.81928649646352,-109.534264969412,0.5857408741834722,-1.9000253683064563,-0.946236027785045,0,0,30
0,vqbr_sim,Statevector simulation,statevector_simulator,success,90,-5.948923817692473,-5.948923817692473,-5.948923817692473,31.413012340540845,-108.85343928745229,0.5871468278537625,-1.902866811109623,-0.9476511012867442,0,0,30
0,vqbr_sim,Statevector simulation,statevector_simulator,success,91,-5.949344322599371,-5.949344322599371,-5.949344322599371,31.4607719456367,-108.95750796962307,0.5863113571725465,-1.903279651850152,-0.9478567010586958,0,0,30
0,vqbr_sim,Statevector simulation,statevector_simulator,success,92,-5.94898093356412,-5.94898093356412,-5.94898093356412,31.291371499201848,-108.64531584603105,0.588843298139542,-1.9063816920886862,-0.949401555291856,0,0,30
0,vqbr_sim,Statevector simulation,statevector_simulator,success,93,-5.949452928066567,-5.949452928066567,-5.949452928066567,31.553169380251028,-109.1231535123853,0.5859124178936493,-1.902674559126524,-0.9475553574320275,0,0,30
0,vqbr_sim,Statevector simulation,statevector_simulator,success,94,-5.9495408019384985,-5.9495408019384985,-5.9495408019384985,31.648480535589517,-109.29136805025298,0.58150459257438,-1.8962490016319855,-0.9443553506840355,0,0,30
0,vqbr_sim,Statevector simulation,statevector_simulator,success,95,-5.949604899644533,-5.949604899644533,-5.949604899644533,31.56125313653666,-109.14386620793815,0.5813838235579738,-1.8965395953029451,-0.9445000699101548,0,0,30
0,vqbr_sim,Statevector simulation,statevector_simulator,success,96,-5.94961887060078,-5.94961887060078,-5.94961887060078,31.47242283169329,-108.98963574224253,0.5842959871078336,-1.9030383801057573,-0.94773654475929,0,0,30
0,vqbr_sim,Statevector simulation,statevector_simulator,success,97,-5.949371257311217,-5.949371257311217,-5.949371257311217,31.541497378115398,-109.09536593829692,0.5829466461612723,-1.900643190325253,-0.9465437107574389,0,0,30
0,vqbr_sim,Statevector simulation,statevector_simulator,success,98,-5.950108754539796,-5.950108754539796,-5.950108754539796,31.597743612218935,-109.23398259113776,0.5812345605818309,-1.8971713731146673,-0.9448147030392585,0,0,30
0,vqbr_sim,Statevector simulation,statevector_simulator,success,99,-5.949600564077286,-5.949600564077286,-5.949600564077286,31.366187954135633,-108.80466186040951,0.5810491556080466,-1.8974739115706272,-0.94496537091538,0,0,30
0,vqbr_sim,Statevector simulation,statevector_simulator,success,100,-5.949966644870344,-5.949966644870344,-5.949966644870344,31.812489484240434,-109.59596734529305,0.5802584387882712,-1.8957837036388756,-0.9441236265544103,0,0,30
0,vqbr_ibm_no_zne,Aer noise runner (w/o mitigation),aer_noise,success,1,2.0108434048414496,2.0108434048414496,2.0108434048414496,3.7514069172749323,0.6570534618638355,0.37427386971192717,0.0861345814675027,0.04289608211672642,0,0,30
0,vqbr_ibm_no_zne,Aer noise runner (w/o mitigation),aer_noise,success,2,-2.346087487853077,-2.346087487853077,-2.346087487853077,4.508306194796619,-7.097868819645987,0.464436333362418,-0.10896340483669097,-0.05426511723814749,0,0,30
0,vqbr_ibm_no_zne,Aer noise runner (w/o mitigation),aer_noise,success,3,-1.417647127048254,-1.417647127048254,-1.417647127048254,5.055416740452533,4.725900558561708,0.4897048460432542,0.05812728809412104,0.028948105172470887,0,0,30
0,vqbr_ibm_no_zne,Aer noise runner (w/o mitigation),aer_noise,success,4,-3.142598040905387,-3.142598040905387,-3.142598040905387,3.973225437149106,-10.128034579643822,0.49058493553280236,-0.040523242325282496,-0.020181073626939862,0,0,30
0,vqbr_ibm_no_zne,Aer noise runner (w/o mitigation),aer_noise,success,5,-2.6755301694574616,-2.6755301694574616,-2.6755301694574616,3.611402947655851,7.525809972633482,0.4810947814610758,0.18283808053339182,0.09105561532894979,0,0,30
0,vqbr_ibm_no_zne,Aer noise runner (w/o mitigation),aer_noise,success,6,-2.512805293808922,-2.512805293808922,-2.512805293808922,3.938168326982694,7.19671652585787,0.5338353437889224,0.2317609743843613,0.11541981883774431,0,0,30
0,vqbr_ibm_no_zne,Aer noise runner (w/o mitigation),aer_noise,success,7,-1.6801449075812556,-1.6801449075812556,-1.6801449075812556,3.9376747091499666,-4.808052896007042,0.47242409805883595,-0.056724707489077195,-0.028249602761659408,0,0,30
0,vqbr_ibm_no_zne,Aer noise runner (w/o mitigation),aer_noise,success,8,-3.273984562159515,-3.273984562159515,-3.273984562159515,4.539888000525851,-11.525685844879371,0.6532291723412783,-0.1868457511313483,-0.09305148463182197,0,0,30
0,vqbr_ibm_no_zne,Aer noise runner (w/o mitigation),aer_noise,success,9,-3.2181898497642916,-3.2181898497642916,-3.2181898497642916,3.950994023986535,-10.431684895072742,0.6098515188922813,-0.24272139897846534,-0.1208782452376016,0,0,30
0,vqbr_ibm_no_zne,Aer noise runner (w/o mitigation),aer_noise,success,10,-1.691744264334029,-1.691744264334029,-1.691744264334029,3.5627592585942507,-4.667944355657788,0.6637680016059944,-0.12220921104994503,-0.060861691823470836,0,0,30
0,vqbr_ibm_no_zne,Aer noise runner (w/o mitigation),aer_noise,success,11,-3.981880080169229,-3.981880080169229,-3.981880080169229,5.178599086128309,-17.440250127004187,0.7593959756848053,-0.4030092763032771,-0.20070358171566882,0,0,30
0,vqbr_ibm_no_zne,Aer noise runner (w/o mitigation),aer_noise,success,12,-4.379611490362846,-4.379611490362846,-4.379611490362846,5.404481848818268,-21.68884664233253,0.7432878167481105,-0.4614397304239777,-0.22980266730215684,0,0,30
0,vqbr_ibm_no_zne,Aer noise runner (w/o mitigation),aer_noise,success,13,-5.104551784633428,-5.104551784633428,-5.104551784633428,4.946314035528781,-30.062365816452644,0.733181964512281,-0.5286737215559951,-0.2632860227152483,0,0,30
0,vqbr_ibm_no_zne,Aer noise runner (w/o mitigation),aer_noise,success,14,-4.6967742405505915,-4.6967742405505915,-4.6967742405505915,4.872746480387395,-24.197605638789746,0.7244685841872223,-0.5696316409115739,-0.2836835708553067,0,0,30
0,vqbr_ibm_no_zne,Aer noise runner (w/o mitigation),aer_noise,success,15,-4.871387737835907,-4.871387737835907,-4.871387737835907,4.819387010945401,-26.48976843120559,0.7367737851707967,-0.4377176312513961,-0.21798876983204368,0,0,30
0,vqbr_ibm_no_zne,Aer noise runner (w/o mitigation),aer_noise,success,16,-5.67945790061238,-5.67945790061238,-5.67945790061238,4.779940612861192,-39.2117791104024,0.6395538431891782,-0.6225953308031175,-0.3100601405452593,0,0,30
0,vqbr_ibm_no_zne,Aer noise runner (w/o mitigation),aer_noise,success,17,-5.165368675615039,-5.165368675615039,-5.165368675615039,3.617955917001677,-26.964640764364354,0.6854815182663037,-0.48605162397425977,-0.2420596933281015,0,0,30
0,vqbr_ibm_no_zne,Aer noise runner (w/o mitigation),aer_noise,success,18,-5.581438297380387,-5.581438297380387,-5.581438297380387,4.333922656954047,-35.82975686537397,0.675480481785058,-0.6361416163790219,-0.3168063575528831,0,0,30
0,vqbr_ibm_no_zne,Aer noise runner (w/o mitigation),aer_noise,success,19,-5.45803369887742,-5.45803369887742,-5.45803369887742,4.639729877688518,-34.58537333902032,0.5933272649899743,-0.4554818883225466,-0.22683558857875352,0,0,30
0,vqbr_ibm_no_zne,Aer noise runner (w/o mitigation),aer_noise,success,20,-5.590560185578862,-5.590560185578862,-5.590560185578862,4.7777420014284955,-37.550746796555835,0.6498623522793285,-0.5803072698498941,-0.28900016551199126,0,0,30
0,vqbr_ibm_no_zne,Aer noise runner (w/o mitigation),aer_noise,success,21,-5.5631814107083315,-5.5631814107083315,-5.5631814107083315,6.144193257631485,-41.17725042030899,0.5196018636342531,-0.49916058819491127,-0.24858811891621968,0,0,30
0,vqbr_ibm_no_zne,Aer noise runner (w/o mitigation),aer_noise,success,22,-5.6688089760837945,-5.6688089760837945,-5.6688089760837945,5.07299881964715,-39.92136612226915,0.5986019553523007,-0.6125958044995746,-0.3050802533253165,0,0,30
0,vqbr_ibm_no_zne,Aer noise runner (w/o mitigation),aer_noise,success,23,-5.579115902259411,-5.579115902259411,-5.579115902259411,5.002761344140665,-37.68809803661903,0.5115797018581986,-0.5271283207352946,-0.26251639407854294,0,0,30
0,vqbr_ibm_no_zne,Aer noise runner (w/o mitigation),aer_noise,success,24,-5.622363009093678,-5.622363009093678,-5.622363009093678,4.747325940353671,-38.04473021171962,0.6670886997162918,-0.6504051929383587,-0.323909794302017,0,0,30
0,vqbr_ibm_no_zne,Aer noise runner (w/o mitigation),aer_noise,success,25,-5.745020600771428,-5.745020600771428,-5.745020600771428,4.691951997400989,-40.094024464595016,0.6225090082744995,-0.6669900783159897,-0.33216927142415015,0,0,30
0,vqbr_ibm_no_zne,Aer noise runner (w/o mitigation),aer_noise,success,26,-5.689997145197581,-5.689997145197581,-5.689997145197581,4.736617879405936,-39.2199183534116,0.6479706103863361,-0.6957531986571034,-0.34649365950457756,0,0,30
0,vqbr_ibm_no_zne,Aer noise runner (w/o mitigation),aer_noise,success,27,-5.744022507231172,-5.744022507231172,-5.744022507231172,4.751427759489168,-40.25089290522624,0.604084970030096,-0.6468336958638421,-0.3221311447842746,0,0,30
0,vqbr_ibm_no_zne,Aer noise runner (w/o mitigation),aer_noise,success,28,-5.70902027158319,-5.70902027158319,-5.70902027158319,4.536111524788343,-38.82605752692845,0.6358536994508257,-0.6674583852148743,-0.33240249402589883,0,0,30
0,vqbr_ibm_no_zne,Aer noise runner (w/o mitigation),aer_noise,success,29,-5.773539477355094,-5.773539477355094,-5.773539477355094,4.723678093617966,-40.67100962146547,0.5863404072290334,-0.6581129459093082,-0.3277483501845,0,0,30
0,vqbr_ibm_no_zne,Aer noise runner (w/o mitigation),aer_noise,success,30,-5.813449428379188,-5.813449428379188,-5.813449428379188,4.8890179763221555,-42.01870955107032,0.5528647501653625,-0.6637161488656526,-0.3305388142470985,0,0,30
0,vqbr_ibm_no_zne,Aer noise runner (w/o mitigation),aer_noise,success,31,-5.81669617231229,-5.81669617231229,-5.81669617231229,4.771577476934242,-41.63435294251429,0.5584715219437731,-0.6758517118589056,-0.3365824740388128,0,0,30
0,vqbr_ibm_no_zne,Aer noise runner (w/o mitigation),aer_noise,success,32,-5.8205344722133665,-5.8205344722133665,-5.8205344722133665,4.868424768112265,-42.08451819365988,0.5532956280289307,-0.6699550326182854,-0.3336458551731709,0,0,30
0,vqbr_ibm_no_zne,Aer noise runner (w/o mitigation),aer_noise,success,33,-5.8170275855034035,-5.8170275855034035,-5.8170275855034035,5.057992316774383,-42.721921266181546,0.544878389070154,-0.6647959341618844,-0.3310765606196524,0,0,30
0,vqbr_ibm_no_zne,Aer noise runner (w/o mitigation),aer_noise,success,34,-5.815431296295923,-5.815431296295923,-5.815431296295923,4.8128977140025855,-41.798166863916094,0.5650863411877379,-0.6749972831025308,-0.3361569579978465,0,0,30
0,vqbr_ibm_no_zne,Aer noise runner (w/o mitigation),aer_noise,success,35,-5.841600959838654,-5.841600959838654,-5.841600959838654,4.887393347218177,-42.56776871546763,0.5443337912064756,-0.6792828125917825,-0.338291204449766,0,0,30
0,vqbr_ibm_no_zne,Aer noise runner (w/o mitigation),aer_noise,success,36,-5.812700653389799,-5.812700653389799,-5.812700653389799,5.347625464814294,-43.622547013914236,0.5084237396767186,-0.6377442880877368,-0.3176045077969767,0,0,30
0,vqbr_ibm_no_zne,Aer noise runner (w/o mitigation),aer_noise,success,37,-5.836962497380061,-5.836962497380061,-5.836962497380061,4.840554598681162,-42.313634001427886,0.5540877188157741,-0.6856901216477704,-0.34148212325067295,0,0,30
0,vqbr_ibm_no_zne,Aer noise runner (w/o mitigation),aer_noise,success,38,-5.834635335613414,-5.834635335613414,-5.834635335613414,4.5003348576438995,-40.80794114468518,0.5327630878516281,-0.6772080282740193,-0.3372579363134038,0,0,30
0,vqbr_ibm_no_zne,Aer noise runner (w/o mitigation),aer_noise,success,39,-5.821172525768285,-5.821172525768285,-5.821172525768285,4.939834077233432,-42.41156201752263,0.5658874870559527,-0.6865926412389378,-0.3419315891194922,0,0,30
0,vqbr_ibm_no_zne,Aer noise runner (w/o mitigation),aer_noise,success,40,-5.844136037575483,-5.844136037575483,-5.844136037575483,4.791728267836365,-42.26255217823603,0.5513765951838867,-0.6846488559270133,-0.340963560100984,0,0,30
0,vqbr_ibm_no_zne,Aer noise runner (w/o mitigation),aer_noise,success,41,-5.842449783283145,-5.842449783283145,-5.842449783283145,4.755054820829653,-42.0945633549275,0.5564532830758152,-0.6893764995656696,-0.3433179848429087,0,0,30
0,vqbr_ibm_no_zne,Aer noise runner (w/o mitigation),aer_noise,success,42,-5.838599908062387,-5.838599908062387,-5.838599908062387,4.7272158053412685,-41.91727047283547,0.5605208670993719,-0.688730279639578,-0.34299615936302813,0,0,30
0,vqbr_ibm_no_zne,Aer noise runner (w/o mitigation),aer_noise,success,43,-5.843912760402327,-5.843912760402327,-5.843912760402327,4.8518879855095705,-42.487176613353334,0.5475466619622696,-0.6809972143564962,-0.3391449976374414,0,0,30
0,vqbr_ibm_no_zne,Aer noise runner (w/o mitigation),aer_noise,success,44,-5.8412856389272845,-5.8412856389272845,-5.8412856389272845,4.748312248276644,-42.0332359572409,0.5543170317289186,-0.690054415519799,-0.3436555953350145,0,0,30
0,vqbr_ibm_no_zne,Aer noise runner (w/o mitigation),aer_noise,success,45,-5.844420943259491,-5.844420943259491,-5.844420943259491,4.834974104936191,-42.42424348784888,0.5458035339522117,-0.6802360269152129,-0.3387659169194393,0,0,30
0,vqbr_ibm_no_zne,Aer noise runner (w/o mitigation),aer_noise,success,46,-5.830536544817141,-5.830536544817141,-5.830536544817141,4.991623963405162,-42.69061909668937,0.5264295115744029,-0.6582604312649833,-0.3278217997075634,0,0,30
0,vqbr_ibm_no_zne,Aer noise runner (w/o mitigation),aer_noise,success,47,-5.8398621436753695,-5.8398621436753695,-5.8398621436753695,4.923111879764778,-42.69943677370689,0.5513043489240369,-0.6794956142246498,-0.33839718228308835,0,0,30
0,vqbr_ibm_no_zne,Aer noise runner (w/o mitigation),aer_noise,success,48,-5.846556634228718,-5.846556634228718,-5.846556634228718,4.697372585654691,-41.923780713342936,0.5492742977953498,-0.6855350371975345,-0.34140488928495316,0,0,30
0,vqbr_ibm_no_zne,Aer noise runner (w/o mitigation),aer_noise,success,49,-5.846513016163893,-5.846513016163893,-5.846513016163893,4.660137043221234,-41.77342135982301,0.5502213724401048,-0.6873588669550982,-0.3423131789604176,0,0,30
0,vqbr_ibm_no_zne,Aer noise runner (w/o mitigation),aer_noise,success,50,-5.839924540038031,-5.839924540038031,-5.839924540038031,4.638986536478648,-41.598580238485404,0.564901593162952,-0.6962685984216661,-0.3467503349332724,0,0,30
0,vqbr_ibm_no_zne,Aer noise runner (w/o mitigation),aer_noise,success,51,-5.848033436177795,-5.848033436177795,-5.848033436177795,4.691588881820655,-41.91170910632536,0.5433232599088191,-0.6813687633487876,-0.3393300336103593,0,0,30
0,vqbr_ibm_no_zne,Aer noise runner (w/o mitigation),aer_noise,success,52,-5.843308588207924,-5.843308588207924,-5.843308588207924,4.692485992180524,-41.74455027727841,0.5220246077515939,-0.6651414157027282,-0.3312486146807897,0,0,30
0,vqbr_ibm_no_zne,Aer noise runner (w/o mitigation),aer_noise,success,53,-5.846091304734193,-5.846091304734193,-5.846091304734193,4.6259762928568575,-41.61427046889407,0.5465307534463882,-0.6830779441585209,-0.3401812266981705,0,0,30
0,vqbr_ibm_no_zne,Aer noise runner (w/o mitigation),aer_noise,success,54,-5.847329395422754,-5.847329395422754,-5.847329395422754,4.6696323767622,-41.8145976955467,0.5455071611006483,-0.6830030065811237,-0.34014390686194573,0,0,30
0,vqbr_ibm_no_zne,Aer noise runner (w/o mitigation),aer_noise,success,55,-5.849162617210938,-5.849162617210938,-5.849162617210938,4.676461014427811,-41.86768286585177,0.5421457288786767,-0.6830270023203454,-0.3401558570355296,0,0,30
0,vqbr_ibm_no_zne,Aer noise runner (w/o mitigation),aer_noise,success,56,-5.849111291926865,-5.849111291926865,-5.849111291926865,4.6319590169778015,-41.69397011912962,0.5452104166851514,-0.6863827337022903,-0.34182705258172136,0,0,30
0,vqbr_ibm_no_zne,Aer noise runner (w/o mitigation),aer_noise,success,57,-5.847799717045206,-5.847799717045206,-5.847799717045206,4.738234176879529,-42.08779466253919,0.5411195584764882,-0.6806990941403155,-0.33899653009913017,0,0,30
0,vqbr_ibm_no_zne,Aer noise runner (w/o mitigation),aer_noise,success,58,-5.848493865183778,-5.848493865183778,-5.848493865183778,4.713221213318805,-41.99830676494013,0.5405624925347353,-0.6812991983347739,-0.33929538937685005,0,0,30
0,vqbr_ibm_no_zne,Aer noise runner (w/o mitigation),aer_noise,success,59,-5.8492800041077055,-5.8492800041077055,-5.8492800041077055,4.669015628151973,-41.84978509801889,0.5452791711025672,-0.6858385782581692,-0.3415560564705475,0,0,30
0,vqbr_ibm_no_zne,Aer noise runner (w/o mitigation),aer_noise,success,60,-5.8490499462207755,-5.8490499462207755,-5.8490499462207755,4.688147144474795,-41.92158052896913,0.5446981929477214,-0.6847377619829794,-0.34100783641152527,0,0,30
0,vqbr_ibm_no_zne,Aer noise runner (w/o mitigation),aer_noise,success,61,-5.848068150084101,-5.848068150084101,-5.848068150084101,4.668397261705073,-41.78547155418781,0.5348156461261765,-0.6791895190774431,-0.33824474313093356,0,0,30
0,vqbr_ibm_no_zne,Aer noise runner (w/o mitigation),aer_noise,success,62,-5.849171899736783,-5.849171899736783,-5.849171899736783,4.644216210791511,-41.74592562116082,0.5452034375360685,-0.6858236150323052,-0.34154860459983005,0,0,30
0,vqbr_ibm_no_zne,Aer noise runner (w/o mitigation),aer_noise,success,63,-5.846932777666944,-5.846932777666944,-5.846932777666944,4.61596884565627,-41.600754536833996,0.550398320926751,-0.6892716939085104,-0.3432657903352069,0,0,30
0,vqbr_ibm_no_zne,Aer noise runner (w/o mitigation),aer_noise,success,64,-5.849590528169833,-5.849590528169833,-5.849590528169833,4.667069303238354,-41.857262645051115,0.548041439492243,-0.6882941283545702,-0.3427789506529113,0,0,30
0,vqbr_ibm_no_zne,Aer noise runner (w/o mitigation),aer_noise,success,65,-5.849640724618688,-5.849640724618688,-5.849640724618688,4.649467647028639,-41.78928596317009,0.548981232360069,-0.6893177297661242,-0.3432887167591225,0,0,30
0,vqbr_ibm_no_zne,Aer noise runner (w/o mitigation),aer_noise,success,66,-5.849855136751201,-5.849855136751201,-5.849855136751201,4.638026888838274,-41.755610087183825,0.5516178726241049,-0.6915577292945471,-0.3444042641046321,0,0,30
0,vqbr_ibm_no_zne,Aer noise runner (w/o mitigation),aer_noise,success,67,-5.849790259928174,-5.849790259928174,-5.849790259928174,4.646168567836523,-41.78741243876536,0.5514391395564239,-0.6909302261584006,-0.34409175981659773,0,0,30
0,vqbr_ibm_no_zne,Aer noise runner (w/o mitigation),aer_noise,success,68,-5.848422583687719,-5.848422583687719,-5.848422583687719,4.598237948193188,-41.58493603024693,0.5583856620184997,-0.6966767266704386,-0.3469535878263059,0,0,30
0,vqbr_ibm_no_zne,Aer noise runner (w/o mitigation),aer_noise,success,69,-5.84970929922698,-5.84970929922698,-5.84970929922698,4.659602764728723,-41.84205850256567,0.551859830701778,-0.6911404171391529,-0.34419643751302265,0,0,30
0,vqbr_ibm_no_zne,Aer noise runner (w/o mitigation),aer_noise,success,70,-5.8503177129829655,-5.8503177129829655,-5.8503177129829655,4.662620254086176,-41.84887304624749,0.5466190594828972,-0.6881903800500861,-0.3427272827198605,0,0,30
0,vqbr_ibm_no_zne,Aer noise runner (w/o mitigation),aer_noise,success,71,-5.850250521138065,-5.850250521138065,-5.850250521138065,4.684449689301683,-41.93350722803756,0.5456145822122139,-0.6870646255366211,-0.3421666431111211,0,0,30
0,vqbr_ibm_no_zne,Aer noise runner (w/o mitigation),aer_noise,success,72,-5.8501225207440175,-5.8501225207440175,-5.8501225207440175,4.663516243234563,-41.84847256406937,0.5466525090557427,-0.6882338298271645,-0.34274892124382794,0,0,30
0,vqbr_ibm_no_zne,Aer noise runner (w/o mitigation),aer_noise,success,73,-5.850243911690805,-5.850243911690805,-5.850243911690805,4.631434347550311,-41.71882166820859,0.5463711351891988,-0.6881431406500426,-0.3427037569169961,0,0,30
0,vqbr_ibm_no_zne,Aer noise runner (w/o mitigation),aer_noise,success,74,-5.850106430454576,-5.850106430454576,-5.850106430454576,4.652750600705475,-41.80183160600681,0.5459881729193772,-0.6878491855955146,-0.3425573636804722,0,0,30
0,vqbr_ibm_no_zne,Aer noise runner (w/o mitigation),aer_noise,success,75,-5.850176446513324,-5.850176446513324,-5.850176446513324,4.712050734009924,-42.03258696866491,0.5419252012362229,-0.6837215033703371,-0.3405017271095815,0,0,30
0,vqbr_ibm_no_zne,Aer noise runner (w/o mitigation),aer_noise,success,76,-5.850339365603693,-5.850339365603693,-5.850339365603693,4.650040360454494,-41.80044433347487,0.5474975020495388,-0.689276993098648,-0.3432684293971425,0,0,30
0,vqbr_ibm_no_zne,Aer noise runner (w/o mitigation),aer_noise,success,77,-5.850334558554172,-5.850334558554172,-5.850334558554172,4.643044694453528,-41.773848971891056,0.5481562658782233,-0.6898603963964436,-0.3435589714226918,0,0,30
0,vqbr_ibm_no_zne,Aer noise runner (w/o mitigation),aer_noise,success,78,-5.850316770917543,-5.850316770917543,-5.850316770917543,4.665496426187642,-41.86535238905305,0.5481185884434527,-0.6895525642220931,-0.34340566720963206,0,0,30
0,vqbr_ibm_no_zne,Aer noise runner (w/o mitigation),aer_noise,success,79,-5.850253519213847,-5.850253519213847,-5.850253519213847,4.651622522988244,-41.802385426290826,0.5467118303339328,-0.6887675250535994,-0.343014708037801,0,0,30
0,vqbr_ibm_no_zne,Aer noise runner (w/o mitigation),aer_noise,success,80,-5.850236394924976,-5.850236394924976,-5.850236394924976,4.6457322568651715,-41.788314920470945,0.5497068995847771,-0.6906400096775872,-0.3439472284358155,0,0,30
0,vqbr_ibm_no_zne,Aer noise runner (w/o mitigation),aer_noise,success,81,-5.850345746584271,-5.850345746584271,-5.850345746584271,4.660070614684722,-41.84084326208772,0.5472559291952522,-0.6890060277473429,-0.34313348531588805,0,0,30
0,vqbr_ibm_no_zne,Aer noise runner (w/o mitigation),aer_noise,success,82,-5.850402488737547,-5.850402488737547,-5.850402488737547,4.677831604530411,-41.908686760072655,0.5454001229586298,-0.6872727661347372,-0.3422702996917476,0,0,30
0,vqbr_ibm_no_zne,Aer noise runner (w/o mitigation),aer_noise,success,83,-5.850395800902345,-5.850395800902345,-5.850395800902345,4.671585911104765,-41.883644598904574,0.5456035800943801,-0.687527932835508,-0.34239737585051255,0,0,30
0,vqbr_ibm_no_zne,Aer noise runner (w/o mitigation),aer_noise,success,84,-5.850447284543109,-5.850447284543109,-5.850447284543109,4.671017666784453,-41.880391188300464,0.5449998979865783,-0.6870954884097042,-0.34218201320192065,0,0,30
0,vqbr_ibm_no_zne,Aer noise runner (w/o mitigation),aer_noise,success,85,-5.850294684941437,-5.850294684941437,-5.850294684941437,4.671454621302348,-41.879766746574674,0.5452470872126565,-0.6872634789382539,-0.34226567455354884,0,0,30
0,vqbr_ibm_no_zne,Aer noise runner (w/o mitigation),aer_noise,success,86,-5.850550326678013,-5.850550326678013,-5.850550326678013,4.664560741216985,-41.85840523386281,0.545648266290871,-0.6875652209966577,-0.34241594581388163,0,0,30
0,vqbr_ibm_no_zne,Aer noise runner (w/o mitigation),aer_noise,success,87,-5.8506684781910625,-5.8506684781910625,-5.8506684781910625,4.664442495726091,-41.8653275803797,0.5470184189842755,-0.6882678445289668,-0.34276586098413697,0,0,30
0,vqbr_ibm_no_zne,Aer noise runner (w/o mitigation),aer_noise,success,88,-5.850567575439569,-5.850567575439569,-5.850567575439569,4.657031343044589,-41.829852633115586,0.5461006119970008,-0.6875794876534607,-0.34242305078463,0,0,30
0,vqbr_ibm_no_zne,Aer noise runner (w/o mitigation),aer_noise,success,89,-5.850653837329844,-5.850653837329844,-5.850653837329844,4.6583458077797335,-41.83938803292826,0.5468193435955597,-0.6881846309227988,-0.3427244195836844,0,0,30
0,vqbr_ibm_no_zne,Aer noise runner (w/o mitigation),aer_noise,success,90,-5.85063235461592,-5.85063235461592,-5.85063235461592,4.663251899048768,-41.86631783373366,0.5489382058190307,-0.6894859061472742,-0.343372470667634,0,0,30
0,vqbr_ibm_no_zne,Aer noise runner (w/o mitigation),aer_noise,success,91,-5.8506843924684695,-5.8506843924684695,-5.8506843924684695,4.659646885949198,-41.84744805482764,0.5474947689246041,-0.6888479664657542,-0.3430547688515019,0,0,30
0,vqbr_ibm_no_zne,Aer noise runner (w/o mitigation),aer_noise,success,92,-5.850758301409791,-5.850758301409791,-5.850758301409791,4.667387745409222,-41.880434656116115,0.5473949702849373,-0.6886323061129686,-0.34294736734046183,0,0,30
0,vqbr_ibm_no_zne,Aer noise runner (w/o mitigation),aer_noise,success,93,-5.850780810548707,-5.850780810548707,-5.850780810548707,4.665030044813039,-41.86939079107486,0.5468100140433896,-0.6881427619440114,-0.3427035683167297,0,0,30
0,vqbr_ibm_no_zne,Aer noise runner (w/o mitigation),aer_noise,success,94,-5.850831586614058,-5.850831586614058,-5.850831586614058,4.66551891983712,-41.87871434907049,0.5486166038210293,-0.6892707406901095,-0.3432653156207066,0,0,30
0,vqbr_ibm_no_zne,Aer noise runner (w/o mitigation),aer_noise,success,95,-5.850795209418099,-5.850795209418099,-5.850795209418099,4.653887896959538,-41.82954569037094,0.5483720839270062,-0.6891626854055246,-0.34321150275853524,0,0,30
0,vqbr_ibm_no_zne,Aer noise runner (w/o mitigation),aer_noise,success,96,-5.850800618643544,-5.850800618643544,-5.850800618643544,4.656735961805111,-41.84332485103018,0.5489759110018654,-0.6896025882917173,-0.3434305798122343,0,0,30
0,vqbr_ibm_no_zne,Aer noise runner (w/o mitigation),aer_noise,success,97,-5.850606688455556,-5.850606688455556,-5.850606688455556,4.6445918436084215,-41.796759665972125,0.5511808108020229,-0.6914244371420972,-0.344337882971531,0,0,30
0,vqbr_ibm_no_zne,Aer noise runner (w/o mitigation),aer_noise,success,98,-5.850860122691481,-5.850860122691481,-5.850860122691481,4.672267074249617,-41.90619077657001,0.5483843275037593,-0.6889914328550615,-0.34312621687982997,0,0,30
0,vqbr_ibm_no_zne,Aer noise runner (w/o mitigation),aer_noise,success,99,-5.8508927918435525,-5.8508927918435525,-5.8508927918435525,4.702841972966603,-42.02848264138654,0.5473202196934357,-0.6876166134443829,-0.34244153988562653,0,0,30
0,vqbr_ibm_no_zne,Aer noise runner (w/o mitigation),aer_noise,success,100,-5.850969517526483,-5.850969517526483,-5.850969517526483,4.698382256984725,-42.01259184712406,0.5475972025468,-0.688126437845667,-0.3426954387147611,0,0,30
0,vqbr_ibm_zne,Aer noise runner (w/ ZNE),aer_noise,success,1,1.4385987452091522,1.4385987452091522,1.4385987452091522,4.755585745472886,1.0068017302628964,0.3742608231930396,0.09642414553566189,0.04802041171458487,0,0,30
0,vqbr_ibm_zne,Aer noise runner (w/ ZNE),aer_noise,success,2,-2.2239547178099617,-2.2239547178099617,-2.2239547178099617,5.7290417855806925,-7.448348151108853,0.46727057182671905,-0.11984630489154352,-0.05968493546292416,0,0,30
0,vqbr_ibm_zne,Aer noise runner (w/ ZNE),aer_noise,success,3,-1.6050490546717302,-1.6050490546717302,-1.6050490546717302,6.408327698183015,5.789816000231732,0.4907426327648832,0.07058400346693626,0.03515170280344759,0,0,30
0,vqbr_ibm_zne,Aer noise runner (w/ ZNE),aer_noise,success,4,-3.045130734928191,-3.045130734928191,-3.045130734928191,5.027872938781801,-10.730667881466665,0.494858218811027,-0.04188634079428921,-0.02085991344787469,0,0,30
0,vqbr_ibm_zne,Aer noise runner (w/ ZNE),aer_noise,success,5,-2.860989518702521,-2.860989518702521,-2.860989518702521,4.573894552840942,9.187767792304951,0.48399745524570525,0.21467623141052994,0.10691140647812618,0,0,30
0,vqbr_ibm_zne,Aer noise runner (w/ ZNE),aer_noise,success,6,-2.6584510906941237,-2.6584510906941237,-2.6584510906941237,5.016174787035801,8.640971923682734,0.5371786445195841,0.26236844764235906,0.13066271737967236,0,0,30
0,vqbr_ibm_zne,Aer noise runner (w/ ZNE),aer_noise,success,7,-1.5107370863832013,-1.5107370863832013,-1.5107370863832013,4.956083938421206,-4.9039270208456385,0.478172973037353,-0.05768125525467876,-0.028725975326577443,0,0,30
0,vqbr_ibm_zne,Aer noise runner (w/ ZNE),aer_noise,success,8,-3.189951874521155,-3.189951874521155,-3.189951874521155,5.728011280613714,-12.251382992609864,0.6586403277438039,-0.20310451456259188,-0.10114854900922521,0,0,30
0,vqbr_ibm_zne,Aer noise runner (w/ ZNE),aer_noise,success,9,-3.0847565438468645,-3.0847565438468645,-3.0847565438468645,4.921700424091169,-10.73847772189816,0.6096330957206355,-0.25819488291168163,-0.12858423075610692,0,0,30
0,vqbr_ibm_zne,Aer noise runner (w/ ZNE),aer_noise,success,10,-1.3873381897322217,-1.3873381897322217,-1.3873381897322217,4.4750085018151795,-4.410126421127118,0.6702680634100132,-0.12888235004271503,-0.06418499720596915,0,0,30
0,vqbr_ibm_zne,Aer noise runner (w/ ZNE),aer_noise,success,11,-3.8516656898164032,-3.8516656898164032,-3.8516656898164032,6.730808096051605,-18.358482275435932,0.7606433334727597,-0.42004640042503477,-0.20918827930063946,0,0,30
0,vqbr_ibm_zne,Aer noise runner (w/ ZNE),aer_noise,success,12,-4.130584190346581,-4.130584190346581,-4.130584190346581,6.631613612347721,-21.00519699851596,0.7478574103531589,-0.42161585044312644,-0.20996988473375527,0,0,30
0,vqbr_ibm_zne,Aer noise runner (w/ ZNE),aer_noise,success,13,-4.459201031014418,-4.459201031014418,-4.459201031014418,6.368781838374349,-24.385189317490394,0.7487386209985817,-0.41571762709921756,-0.20703249688566358,0,0,30
0,vqbr_ibm_zne,Aer noise runner (w/ ZNE),aer_noise,success,14,-4.633433620707948,-4.633433620707948,-4.633433620707948,5.9802037306767915,-25.749755727033328,0.7160344870150939,-0.49561879143177817,-0.2468242605192362,0,0,30
0,vqbr_ibm_zne,Aer noise runner (w/ ZNE),aer_noise,success,15,-4.873026882424342,-4.873026882424342,-4.873026882424342,5.972737625873473,-28.936172834149595,0.6829233570003737,-0.559610794593365,-0.2786930660055541,0,0,30
0,vqbr_ibm_zne,Aer noise runner (w/ ZNE),aer_noise,success,16,-5.586000533358826,-5.586000533358826,-5.586000533358826,4.910485058645485,-37.6004628342785,0.5977766858634943,-0.7253953558229882,-0.36125581874702345,0,0,30
0,vqbr_ibm_zne,Aer noise runner (w/ ZNE),aer_noise,success,17,-5.408637564446484,-5.408637564446484,-5.408637564446484,4.599465707857171,-33.387277222494596,0.5852880329936556,-0.6405948365636482,-0.31902411603581793,0,0,30
0,vqbr_ibm_zne,Aer noise runner (w/ ZNE),aer_noise,success,18,-5.409732999293,-5.409732999293,-5.409732999293,4.521436860609989,-33.180862268276066,0.6143593912845696,-0.7045277018035183,-0.3508634701089757,0,0,30
0,vqbr_ibm_zne,Aer noise runner (w/ ZNE),aer_noise,success,19,-5.186370064178357,-5.186370064178357,-5.186370064178357,6.716610151313239,-35.52243928930667,0.5495268094560143,-0.523615612401815,-0.2607670220776828,0,0,30
0,vqbr_ibm_zne,Aer noise runner (w/ ZNE),aer_noise,success,20,-5.388473987869082,-5.388473987869082,-5.388473987869082,4.630535943495287,-33.19499252645377,0.6179036457869111,-0.6978005985389873,-0.34751328985469665,0,0,30
0,vqbr_ibm_zne,Aer noise runner (w/ ZNE),aer_noise,success,21,-5.766200722094807,-5.766200722094807,-5.766200722094807,5.799719438525704,-44.23030400552211,0.5281652688972893,-0.7211616384128475,-0.35914737534844576,0,0,30
0,vqbr_ibm_zne,Aer noise runner (w/ ZNE),aer_noise,success,22,-5.594483453648719,-5.594483453648719,-5.594483453648719,6.528823123162702,-42.85054410765097,0.48191618845565637,-0.5713291912844651,-0.28452897184236897,0,0,30
0,vqbr_ibm_zne,Aer noise runner (w/ ZNE),aer_noise,success,23,-5.6931270593723955,-5.6931270593723955,-5.6931270593723955,4.829396235986696,-39.259037605304044,0.5528102231110482,-0.7103054238259323,-0.353740846815271,0,0,30
0,vqbr_ibm_zne,Aer noise runner (w/ ZNE),aer_noise,success,24,-5.545572853976569,-5.545572853976569,-5.545572853976569,5.066356093160019,-37.43552467530202,0.6325137280209298,-0.7677167503002854,-0.3823323942857047,0,0,30
0,vqbr_ibm_zne,Aer noise runner (w/ ZNE),aer_noise,success,25,-5.812994567899217,-5.812994567899217,-5.812994567899217,5.725471031768084,-45.0108752253953,0.5224503202306668,-0.7130503433595319,-0.35510785054026756,0,0,30
0,vqbr_ibm_zne,Aer noise runner (w/ ZNE),aer_noise,success,26,-5.789322290504776,-5.789322290504776,-5.789322290504776,5.992286909921323,-45.3727067105208,0.5021518119212531,-0.6960162937078637,-0.34662468407925634,0,0,30
0,vqbr_ibm_zne,Aer noise runner (w/ ZNE),aer_noise,success,27,-5.759634100184726,-5.759634100184726,-5.759634100184726,5.898747391167478,-44.42943261137659,0.5080641321236724,-0.6532372575474047,-0.3253201973475736,0,0,30
0,vqbr_ibm_zne,Aer noise runner (w/ ZNE),aer_noise,success,28,-5.762841229527943,-5.762841229527943,-5.762841229527943,5.969899025858336,-44.79231530033646,0.5324321725484272,-0.6980701125127791,-0.34764751113207915,0,0,30
0,vqbr_ibm_zne,Aer noise runner (w/ ZNE),aer_noise,success,29,-5.702289784373441,-5.702289784373441,-5.702289784373441,6.239465252014352,-44.167574219667685,0.4481779248951109,-0.5906698600661817,-0.2941608630307639,0,0,30
0,vqbr_ibm_zne,Aer noise runner (w/ ZNE),aer_noise,success,30,-5.8307258580262324,-5.8307258580262324,-5.8307258580262324,5.485606204622304,-44.47444950597869,0.5089168771207514,-0.7114936043591116,-0.35433257535045853,0,0,30
0,vqbr_ibm_zne,Aer noise runner (w/ ZNE),aer_noise,success,31,-5.818353795046073,-5.818353795046073,-5.818353795046073,5.237775642688273,-43.34942384117446,0.5407477762068027,-0.7413694000724265,-0.3692110894662369,0,0,30
0,vqbr_ibm_zne,Aer noise runner (w/ ZNE),aer_noise,success,32,-5.826414175210602,-5.826414175210602,-5.826414175210602,5.328159514990786,-43.86473695972873,0.5394157353466865,-0.7439147352541896,-0.37047869772660436,0,0,30
0,vqbr_ibm_zne,Aer noise runner (w/ ZNE),aer_noise,success,33,-5.777096097771395,-5.777096097771395,-5.777096097771395,5.442756827200686,-43.22551315478781,0.5431094067648018,-0.7330999598765843,-0.3650928064298929,0,0,30
0,vqbr_ibm_zne,Aer noise runner (w/ ZNE),aer_noise,success,34,-5.835510330588327,-5.835510330588327,-5.835510330588327,5.515256034095758,-44.68428559768027,0.5076022509515515,-0.7168054980639565,-0.35697796381901825,0,0,30
0,vqbr_ibm_zne,Aer noise runner (w/ ZNE),aer_noise,success,35,-5.740042516411162,-5.740042516411162,-5.740042516411162,5.7024732944946335,-43.25483449153173,0.5012402299140005,-0.6750703723243262,-0.33619335733022343,0,0,30
0,vqbr_ibm_zne,Aer noise runner (w/ ZNE),aer_noise,success,36,-5.796333351555881,-5.796333351555881,-5.796333351555881,5.07696590283979,-42.17078534855533,0.5053209653764739,-0.690369677863423,-0.34381259986385765,0,0,30
0,vqbr_ibm_zne,Aer noise runner (w/ ZNE),aer_noise,success,37,-5.787087171322119,-5.787087171322119,-5.787087171322119,4.960922930908855,-41.704912929542125,0.5731744335598689,-0.7740015617383753,-0.38546230776462675,0,0,30
0,vqbr_ibm_zne,Aer noise runner (w/ ZNE),aer_noise,success,38,-5.803836506878834,-5.803836506878834,-5.803836506878834,5.815204771752355,-44.993324411530686,0.4753879774871346,-0.676870954199064,-0.3370900692737972,0,0,30
0,vqbr_ibm_zne,Aer noise runner (w/ ZNE),aer_noise,success,39,-5.833513273391688,-5.833513273391688,-5.833513273391688,5.445906074667631,-44.39357427979856,0.5143423130799439,-0.7258440147498395,-0.36147925641678075,0,0,30
0,vqbr_ibm_zne,Aer noise runner (w/ ZNE),aer_noise,success,40,-5.830164323319821,-5.830164323319821,-5.830164323319821,5.664083690582494,-45.10440950616701,0.5025506638141432,-0.7127537015114278,-0.3549601192474612,0,0,30
0,vqbr_ibm_zne,Aer noise runner (w/ ZNE),aer_noise,success,41,-5.83529811754817,-5.83529811754817,-5.83529811754817,5.481076488113878,-44.55542661812327,0.5097796112729969,-0.7200812198661466,-0.35860931360936127,0,0,30
0,vqbr_ibm_zne,Aer noise runner (w/ ZNE),aer_noise,success,42,-5.845596925958491,-5.845596925958491,-5.845596925958491,5.536895484285401,-45.010675461951045,0.5157890853217645,-0.7328112689082318,-0.36494903477309926,0,0,30
0,vqbr_ibm_zne,Aer noise runner (w/ ZNE),aer_noise,success,43,-5.847492643105188,-5.847492643105188,-5.847492643105188,5.5706935681388705,-45.16601114295191,0.5115109403880734,-0.7323737303814399,-0.36473113519949335,0,0,30
0,vqbr_ibm_zne,Aer noise runner (w/ ZNE),aer_noise,success,44,-5.848267411089397,-5.848267411089397,-5.848267411089397,5.464293808753296,-44.794218792041896,0.51673223427573,-0.7384367029590194,-0.3677505701944545,0,0,30
0,vqbr_ibm_zne,Aer noise runner (w/ ZNE),aer_noise,success,45,-5.855235457397617,-5.855235457397617,-5.855235457397617,5.488611240787686,-45.090097565109964,0.532530405117316,-0.7544453146543421,-0.37572305592733557,0,0,30
0,vqbr_ibm_zne,Aer noise runner (w/ ZNE),aer_noise,success,46,-5.840659469423993,-5.840659469423993,-5.840659469423993,5.327297803322321,-44.19517688248825,0.5476824496326728,-0.7606815274088509,-0.3788287666634551,0,0,30
0,vqbr_ibm_zne,Aer noise runner (w/ ZNE),aer_noise,success,47,-5.853341324213554,-5.853341324213554,-5.853341324213554,5.5424585589291135,-45.2303242445686,0.5252486018062914,-0.7475856961324241,-0.37230688144326235,0,0,30
0,vqbr_ibm_zne,Aer noise runner (w/ ZNE),aer_noise,success,48,-5.856520726018423,-5.856520726018423,-5.856520726018423,5.635059552728174,-45.67214117574553,0.5322928626071557,-0.755508636030858,-0.3762526030651563,0,0,30
0,vqbr_ibm_zne,Aer noise runner (w/ ZNE),aer_noise,success,49,-5.853929068244389,-5.853929068244389,-5.853929068244389,5.6069574460603535,-45.509646882456906,0.5330275391332848,-0.754888008361494,-0.37594352284423477,0,0,30
0,vqbr_ibm_zne,Aer noise runner (w/ ZNE),aer_noise,success,50,-5.849732990380459,-5.849732990380459,-5.849732990380459,5.601474791251427,-45.44158970675985,0.5495782348160675,-0.7675746282599579,-0.38226161575972106,0,0,30
0,vqbr_ibm_zne,Aer noise runner (w/ ZNE),aer_noise,success,51,-5.852224257271962,-5.852224257271962,-5.852224257271962,5.729008895573091,-45.91263430386737,0.5273282021616101,-0.7484064540440867,-0.3727156289889843,0,0,30
0,vqbr_ibm_zne,Aer noise runner (w/ ZNE),aer_noise,success,52,-5.8524818486941665,-5.8524818486941665,-5.8524818486941665,5.662138128474722,-45.659014658939796,0.5251601299242384,-0.749835892097845,-0.37342750673994224,0,0,30
0,vqbr_ibm_zne,Aer noise runner (w/ ZNE),aer_noise,success,53,-5.85302199171045,-5.85302199171045,-5.85302199171045,5.661842344945199,-45.69170942539849,0.5317062097064033,-0.7531176283133169,-0.37506185178215307,0,0,30
0,vqbr_ibm_zne,Aer noise runner (w/ ZNE),aer_noise,success,54,-5.862259724790835,-5.862259724790835,-5.862259724790835,5.604994648916456,-45.70038562035198,0.5355176509099574,-0.7592530439483478,-0.37811736431169185,0,0,30
0,vqbr_ibm_zne,Aer noise runner (w/ ZNE),aer_noise,success,55,-5.855261242701051,-5.855261242701051,-5.855261242701051,5.567712593160458,-45.431749331853695,0.5457375673728045,-0.7634677080660384,-0.38021631893603264,0,0,30
0,vqbr_ibm_zne,Aer noise runner (w/ ZNE),aer_noise,success,56,-5.8610082334969045,-5.8610082334969045,-5.8610082334969045,5.727730253699385,-46.125302054153686,0.5323231308042726,-0.7550414816630384,-0.3760199544380687,0,0,30
0,vqbr_ibm_zne,Aer noise runner (w/ ZNE),aer_noise,success,57,-5.857627380940944,-5.857627380940944,-5.857627380940944,5.593153191178616,-45.55542864072325,0.5375250962490509,-0.7595947445026009,-0.378287535394953,0,0,30
0,vqbr_ibm_zne,Aer noise runner (w/ ZNE),aer_noise,success,58,-5.862409537188382,-5.862409537188382,-5.862409537188382,5.5626424852801035,-45.53063148094518,0.5315321015121446,-0.7568447695730582,-0.37691801402053143,0,0,30
0,vqbr_ibm_zne,Aer noise runner (w/ ZNE),aer_noise,success,59,-5.863292330164392,-5.863292330164392,-5.863292330164392,5.543219250010464,-45.48743062481015,0.5349958390315883,-0.7598056559137587,-0.3783925718745903,0,0,30
0,vqbr_ibm_zne,Aer noise runner (w/ ZNE),aer_noise,success,60,-5.863310292306948,-5.863310292306948,-5.863310292306948,5.474664415884745,-45.2456087194836,0.5417490258106991,-0.7663253962531064,-0.38163948283893867,0,0,30
0,vqbr_ibm_zne,Aer noise runner (w/ ZNE),aer_noise,success,61,-5.86258798233251,-5.86258798233251,-5.86258798233251,5.489983415060814,-45.28980201604997,0.5423271843541942,-0.7662442451782723,-0.3815990686044856,0,0,30
0,vqbr_ibm_zne,Aer noise runner (w/ ZNE),aer_noise,success,62,-5.8619808291190285,-5.8619808291190285,-5.8619808291190285,5.558483292789742,-45.528553441683805,0.5389425135594771,-0.7613447710308462,-0.3791590701535027,0,0,30
0,vqbr_ibm_zne,Aer noise runner (w/ ZNE),aer_noise,success,63,-5.862957406497856,-5.862957406497856,-5.862957406497856,5.492337207367287,-45.30428210447853,0.5413931785865385,-0.7656926921809253,-0.3813243884207217,0,0,30
0,vqbr_ibm_zne,Aer noise runner (w/ ZNE),aer_noise,success,64,-5.8637853267196265,-5.8637853267196265,-5.8637853267196265,5.440557729068481,-45.121814552887805,0.5408815727520507,-0.7670862761920082,-0.3820184104169686,0,0,30
0,vqbr_ibm_zne,Aer noise runner (w/ ZNE),aer_noise,success,65,-5.863503765042021,-5.863503765042021,-5.863503765042021,5.431987382575006,-45.08653559801625,0.5421575632749872,-0.7679200903227722,-0.3824336601205599,0,0,30
0,vqbr_ibm_zne,Aer noise runner (w/ ZNE),aer_noise,success,66,-5.862475172359005,-5.862475172359005,-5.862475172359005,5.304949335676159,-44.58926341951791,0.547657082582863,-0.7730263458120876,-0.3849766382258323,0,0,30
0,vqbr_ibm_zne,Aer noise runner (w/ ZNE),aer_noise,success,67,-5.864299360227019,-5.864299360227019,-5.864299360227019,5.460437254613012,-45.20879192365993,0.5405735451593834,-0.7669377263973386,-0.38194443079017987,0,0,30
0,vqbr_ibm_zne,Aer noise runner (w/ ZNE),aer_noise,success,68,-5.863789947460803,-5.863789947460803,-5.863789947460803,5.566806337085608,-45.5937399333191,0.5373217745985379,-0.7635061890620283,-0.3802354829458391,0,0,30
0,vqbr_ibm_zne,Aer noise runner (w/ ZNE),aer_noise,success,69,-5.8634187321630655,-5.8634187321630655,-5.8634187321630655,5.459542949648356,-45.17287128944139,0.5365632532253388,-0.7638356199672826,-0.3803995435928268,0,0,30
0,vqbr_ibm_zne,Aer noise runner (w/ ZNE),aer_noise,success,70,-5.864042890161928,-5.864042890161928,-5.864042890161928,5.45666752957058,-45.18999359009379,0.5410840037547923,-0.7673554848129591,-0.3821524796248767,0,0,30
0,vqbr_ibm_zne,Aer noise runner (w/ ZNE),aer_noise,success,71,-5.86423798237153,-5.86423798237153,-5.86423798237153,5.501569453194271,-45.36362490314748,0.540058839970422,-0.766018693432529,-0.38148674105796326,0,0,30
0,vqbr_ibm_zne,Aer noise runner (w/ ZNE),aer_noise,success,72,-5.864115492592246,-5.864115492592246,-5.864115492592246,5.445745112239427,-45.15178807683971,0.5417941835824067,-0.7680859707838423,-0.38251627063260274,0,0,30
0,vqbr_ibm_zne,Aer noise runner (w/ ZNE),aer_noise,success,73,-5.864001568276678,-5.864001568276678,-5.864001568276678,5.4597365199447125,-45.20476360980324,0.5423584371832756,-0.7682731870546585,-0.3826095066405997,0,0,30
0,vqbr_ibm_zne,Aer noise runner (w/ ZNE),aer_noise,success,74,-5.864223497906015,-5.864223497906015,-5.864223497906015,5.485397758805468,-45.30085425279823,0.539892505600676,-0.766040616180351,-0.381497658856306,0,0,30
0,vqbr_ibm_zne,Aer noise runner (w/ ZNE),aer_noise,success,75,-5.864485497457579,-5.864485497457579,-5.864485497457579,5.436618589667772,-45.12943109045034,0.5430898138769985,-0.7688951540949431,-0.3829192538847308,0,0,30
0,vqbr_ibm_zne,Aer noise runner (w/ ZNE),aer_noise,success,76,-5.864536306122506,-5.864536306122506,-5.864536306122506,5.462332055948536,-45.2275278587165,0.5424720749205354,-0.7681794024221782,-0.3825628007388861,0,0,30
0,vqbr_ibm_zne,Aer noise runner (w/ ZNE),aer_noise,success,77,-5.864477965031506,-5.864477965031506,-5.864477965031506,5.460967232022872,-45.222766122786325,0.543047122175484,-0.7685746540101537,-0.3827596408962967,0,0,30
0,vqbr_ibm_zne,Aer noise runner (w/ ZNE),aer_noise,success,78,-5.864913076284176,-5.864913076284176,-5.864913076284176,5.466636504329271,-45.246624290797826,0.5404947092263874,-0.7666620222783235,-0.381807126744259,0,0,30
0,vqbr_ibm_zne,Aer noise runner (w/ ZNE),aer_noise,success,79,-5.865029494664643,-5.865029494664643,-5.865029494664643,5.468536343397087,-45.25065227145403,0.5385198999790498,-0.7650253706702461,-0.38099205409189985,0,0,30
0,vqbr_ibm_zne,Aer noise runner (w/ ZNE),aer_noise,success,80,-5.865066443726325,-5.865066443726325,-5.865066443726325,5.472997517140683,-45.26826306155162,0.5384211616493939,-0.7649707010176705,-0.3809648279317883,0,0,30
0,vqbr_ibm_zne,Aer noise runner (w/ ZNE),aer_noise,success,81,-5.8649917579058854,-5.8649917579058854,-5.8649917579058854,5.463087714817748,-45.2289833095386,0.5385860699324979,-0.7652063231399576,-0.38108217064982264,0,0,30
0,vqbr_ibm_zne,Aer noise runner (w/ ZNE),aer_noise,success,82,-5.865016870681715,-5.865016870681715,-5.865016870681715,5.482641418486679,-45.30119329734101,0.5374451658221857,-0.7640745150507668,-0.3805185162858362,0,0,30
0,vqbr_ibm_zne,Aer noise runner (w/ ZNE),aer_noise,success,83,-5.865124031716847,-5.865124031716847,-5.865124031716847,5.458398747038061,-45.21519694115657,0.5389999692230881,-0.7656495808830364,-0.3813029184635582,0,0,30
0,vqbr_ibm_zne,Aer noise runner (w/ ZNE),aer_noise,success,84,-5.865147566647555,-5.865147566647555,-5.865147566647555,5.458634730059403,-45.21674100036539,0.5390673759864822,-0.7658096160028992,-0.3813826179237081,0,0,30
0,vqbr_ibm_zne,Aer noise runner (w/ ZNE),aer_noise,success,85,-5.865166311180919,-5.865166311180919,-5.865166311180919,5.47302504505422,-45.270558000562474,0.5384676092881532,-0.7652576823991529,-0.38110774819327103,0,0,30
0,vqbr_ibm_zne,Aer noise runner (w/ ZNE),aer_noise,success,86,-5.864848825856776,-5.864848825856776,-5.864848825856776,5.474880743722982,-45.26616346427813,0.5371104048735823,-0.7642533346319453,-0.38060757063900796,0,0,30
0,vqbr_ibm_zne,Aer noise runner (w/ ZNE),aer_noise,success,87,-5.865307419394522,-5.865307419394522,-5.865307419394522,5.471829615227567,-45.27002371128358,0.5387260413696076,-0.7654519599895802,-0.38120450082537793,0,0,30
0,vqbr_ibm_zne,Aer noise runner (w/ ZNE),aer_noise,success,88,-5.865510602226595,-5.865510602226595,-5.865510602226595,5.4706380229019,-45.27317305310115,0.5396826293034243,-0.7660796030397058,-0.3815170747922967,0,0,30
0,vqbr_ibm_zne,Aer noise runner (w/ ZNE),aer_noise,success,89,-5.865366555208446,-5.865366555208446,-5.865366555208446,5.470036442306314,-45.274672829159734,0.5420254170683578,-0.7679319265861383,-0.3824395547254521,0,0,30
0,vqbr_ibm_zne,Aer noise runner (w/ ZNE),aer_noise,success,90,-5.865559254579668,-5.865559254579668,-5.865559254579668,5.473845559735033,-45.28581639706295,0.5394344856813169,-0.7658896368534683,-0.38142246929256113,0,0,30
0,vqbr_ibm_zne,Aer noise runner (w/ ZNE),aer_noise,success,91,-5.865577569908297,-5.865577569908297,-5.865577569908297,5.477373489648702,-45.29769127316076,0.5387203411953814,-0.7652097813589928,-0.381083892885482,0,0,30
0,vqbr_ibm_zne,Aer noise runner (w/ ZNE),aer_noise,success,92,-5.865532259042743,-5.865532259042743,-5.865532259042743,5.468465218605291,-45.26378166174626,0.5391529586094072,-0.7656177296722302,-0.3812870561684036,0,0,30
0,vqbr_ibm_zne,Aer noise runner (w/ ZNE),aer_noise,success,93,-5.865673462944838,-5.865673462944838,-5.865673462944838,5.474123271744609,-45.28482203824555,0.5378564881103483,-0.7645342517966346,-0.3807474708458611,0,0,30
0,vqbr_ibm_zne,Aer noise runner (w/ ZNE),aer_noise,success,94,-5.865609903538001,-5.865609903538001,-5.865609903538001,5.503529743869545,-45.39273121724118,0.5366447201698529,-0.763011998666326,-0.3799893700439805,0,0,30
0,vqbr_ibm_zne,Aer noise runner (w/ ZNE),aer_noise,success,95,-5.8657353756954365,-5.8657353756954365,-5.8657353756954365,5.475819150438517,-45.2925687997289,0.5378234444712421,-0.7645811155318077,-0.3807708095629946,0,0,30
0,vqbr_ibm_zne,Aer noise runner (w/ ZNE),aer_noise,success,96,-5.8657422812423565,-5.8657422812423565,-5.8657422812423565,5.495561255714871,-45.36495921411953,0.5366845223562253,-0.7635337821478374,-0.38024922464231636,0,0,30
0,vqbr_ibm_zne,Aer noise runner (w/ ZNE),aer_noise,success,97,-5.865785898823944,-5.865785898823944,-5.865785898823944,5.486409468509872,-45.33310384016152,0.5373894749092841,-0.7640867462495499,-0.38052460757342876,0,0,30
0,vqbr_ibm_zne,Aer noise runner (w/ ZNE),aer_noise,success,98,-5.865702273613301,-5.865702273613301,-5.865702273613301,5.473191369687145,-45.278232521528544,0.5366791044135362,-0.763708162706865,-0.38033606830780087,0,0,30
0,vqbr_ibm_zne,Aer noise runner (w/ ZNE),aer_noise,success,99,-5.865862351854781,-5.865862351854781,-5.865862351854781,5.488730786012428,-45.34508913672553,0.5378398585315188,-0.7644680413843762,-0.38071449724533,0,0,30
0,vqbr_ibm_zne,Aer noise runner (w/ ZNE),aer_noise,success,100,-5.865941884142907,-5.865941884142907,-5.865941884142907,5.4849685613963555,-45.338348352172055,0.5397803697406605,-0.7660726530876157,-0.3815136136305834,0,0,30
