seed,method,cosine_similarity,feature_cosine_similarity,state_overlap_abs,train_mse,test_mse,train_rmse,test_rmse,train_r2,test_r2,relative_residual,final_objective,objective_evaluations,cg_iterations,runtime_seconds_method,runtime_seconds_seed_total
0,cg,0.9999999999999998,0.9999999999999998,1.0,7.943287506793691,10.516743027906482,2.818383846603172,3.2429528254210673,0.9202447672229347,0.8926579640810588,1.1807936682417058e-09,-6.098648231401293,300.0,300.0,0.0007162876427173615,0.004764163866639137
1,cg,1.0,1.0,1.0,8.64270986078287,10.233607269349674,2.939848611881719,3.1990009798919528,0.9166545190998474,0.8970656649650324,1.0200985089854816e-14,-6.074833722246796,300.0,300.0,0.0005286950618028641,0.004585593938827515
2,cg,1.0,1.0,1.0,7.938546883437798,9.477049948497013,2.817542703037134,3.0784817602995496,0.9226542025439796,0.9059717495931062,3.0642702602270073e-15,-6.082326931173065,300.0,300.0,0.000514153391122818,0.004556337371468544
3,cg,0.9999999999999998,0.9999999999999998,1.0000000000000002,8.779282943430765,9.537191226698383,2.9629854780998786,3.088234321857456,0.9204072211679117,0.8926185200097739,6.818755368490123e-15,-6.072184173634454,300.0,300.0,0.0005177315324544907,0.0045334044843912125
4,cg,1.0,1.0,1.0,8.422372281544142,8.592143065839183,2.9021323680259905,2.93123575746462,0.9167621030904217,0.9117655582048834,7.589199411507997e-15,-6.076869770735694,300.0,300.0,0.0005170591175556183,0.004525039345026016
5,cg,1.0000000000000002,1.0000000000000002,1.0000000000000002,8.824110926784904,9.189010132682686,2.970540510880958,3.0313380102988656,0.9089466886316476,0.9153168457521598,5.227777325992308e-15,-6.08256552422135,300.0,300.0,0.0005115866661071777,0.004549393430352211
6,cg,0.9999999999999999,0.9999999999999999,0.9999999999999998,8.899623087009628,8.4020929223019,2.983223606605718,2.8986363901500134,0.912130254108285,0.9181440872874979,5.857932583082926e-16,-6.076734850577137,300.0,300.0,0.0005200877785682678,0.004553040489554405
7,cg,1.0000000000000004,1.0000000000000004,1.0,8.542110185631202,7.123801022531581,2.92268886226899,2.669044964501644,0.9148794239611716,0.9293033310623744,2.8702601125458578e-11,-6.073072559943933,300.0,300.0,0.0005185026675462723,0.004546981304883957
8,cg,1.0000000000000002,1.0000000000000002,1.0,9.06710346296419,8.135817207852153,3.0111631412070965,2.852335395400084,0.9061411202247767,0.9225144888026263,7.560210897910532e-16,-6.076110817210336,300.0,300.0,0.0005596596747636795,0.005145886912941933
9,cg,0.9999999999999998,0.9999999999999998,1.0000000000000002,8.926101705904609,8.565675917441382,2.9876582311075355,2.9267176012456995,0.9132328911174767,0.9184984803912584,3.640970879827003e-14,-6.063369149488136,300.0,300.0,0.0005757827311754227,0.004603555426001549
10,cg,1.0,1.0,1.0,8.379320273488963,9.496589234483091,2.894705559031689,3.0816536525838023,0.9151371398473894,0.9119403327252589,2.4405628521637597e-15,-6.076039840381013,300.0,300.0,0.0005724560469388962,0.004616282880306244
11,cg,0.9999999999999997,0.9999999999999997,1.0,8.494222576595861,8.58440127796783,2.9144849590615256,2.929914892615113,0.9140522987782798,0.920534899116856,7.376584152615436e-10,-6.076348844622554,300.0,300.0,0.0005512069910764694,0.004646528512239456
12,cg,0.9999999999999997,0.9999999999999997,1.0,8.32864254017439,8.568206120419308,2.88593876237428,2.9271498288299673,0.9189896590468568,0.9238914444226738,4.6870065922949836e-15,-6.076521007564733,300.0,300.0,0.0005544498562812805,0.004683859646320343
13,cg,0.9999999999999998,0.9999999999999998,1.0000000000000002,9.021964049472476,7.298747790944981,3.0036584442097403,2.701619475600696,0.9115936628094077,0.9233841280259726,7.806125461377813e-10,-6.073857218938004,300.0,300.0,0.0005347020924091339,0.004588378593325615
14,cg,1.0,1.0,0.9999999999999998,8.411478525431988,8.594318404275223,2.9002549069749004,2.931606795645559,0.9194690945880222,0.910679177684964,4.820591337197157e-15,-6.071723628323185,300.0,300.0,0.000532226637005806,0.004549484699964523
15,cg,1.0000000000000002,1.0000000000000002,1.0,7.756239772660086,9.837725212923546,2.7850026521818765,3.13651481949688,0.9245496974183397,0.9031374350072061,2.544441666667825e-15,-6.094361887265507,300.0,300.0,0.0005228016525506973,0.004522651433944702
16,cg,1.0,1.0,1.0,8.993209175122239,7.558995926479613,2.998867982276352,2.7493628219061255,0.9094191663041797,0.9202171132383241,5.31015538443419e-10,-6.077721037841841,300.0,300.0,0.0005240943282842636,0.004501610994338989
17,cg,1.0000000000000002,1.0000000000000002,0.9999999999999999,8.811941064239731,7.788480783901851,2.968491378501836,2.7907849762928443,0.9129353439971581,0.924207499966368,1.3791399350582864e-10,-6.0840941699325155,300.0,300.0,0.00053391233086586,0.00452682189643383
18,cg,0.9999999999999998,0.9999999999999998,0.9999999999999999,8.443751383753487,7.298991968402659,2.905813377309955,2.70166466616467,0.917704184625208,0.925950618008079,1.6883529290416317e-14,-6.072260291281203,300.0,300.0,0.0005309656262397766,0.004507733508944511
19,cg,0.9999999999999999,0.9999999999999999,0.9999999999999999,8.525076561514458,8.899610013557233,2.9197733750266406,2.9832214154429155,0.9137455374373185,0.9105910779229013,6.397291910151354e-15,-6.085729760963263,300.0,300.0,0.000531146302819252,0.004511682316660881
