seed,method,cosine_similarity,feature_cosine_similarity,state_overlap_abs,train_rmse,test_rmse,train_r2,test_r2,t_hat,final_objective,objective_evaluations,optimizer_nfev,optimizer_iterations,runtime_seconds_method,runtime_seconds_seed_total
0,vqbr,0.9999995174620303,-0.9999995174620304,0.9999995174620302,0.11354389435736015,0.11665555618687751,0.9981963418456095,0.9986425598901465,-2.8194227886766305,-6.910156144211034,300.0,300.0,nan,157.81787597201765,158.88359617814422
0,closed_form,nan,nan,nan,0.11363516483420133,0.11570440910503228,0.9981934409955965,0.9986646053317654,nan,nan,nan,nan,nan,0.00018679164350032806,158.88359617814422
1,vqbr,0.9999999669188137,0.9999999669188135,0.9999999669188134,0.09819717556232344,0.0981633159691776,0.9987469171995592,0.9986287014207748,2.6964788982326824,-7.102351065385713,300.0,300.0,nan,158.10188258439302,159.15294919908047
1,closed_form,nan,nan,nan,0.09821148150683331,0.0982154263946868,0.9987465520599565,0.9986272451146403,nan,nan,nan,nan,nan,0.00014027580618858337,159.15294919908047
2,vqbr,0.9999845663668278,0.999984566366828,0.999984566366828,0.09286556507080121,0.09759979967957087,0.9959050090908731,0.9957575815621675,1.3843949095716312,-5.764943356047651,300.0,300.0,nan,158.1069299057126,159.16237743757665
2,closed_form,nan,nan,nan,0.09211808241160216,0.09583688704500648,0.9959706656306857,0.995909456210067,nan,nan,nan,nan,nan,0.00014142878353595734,159.16237743757665
3,vqbr,0.9999994477509886,-0.9999994477509884,0.9999994477509881,0.10384720116320405,0.11975958402045657,0.9990307173043195,0.9992991935019335,-4.035021938661593,-7.424868547719163,300.0,300.0,nan,157.77651915885508,158.83708150684834
3,closed_form,nan,nan,nan,0.10373749810815848,0.119813058464348,0.9990327641020583,0.999298567521062,nan,nan,nan,nan,nan,0.0001268722116947174,158.83708150684834
4,vqbr,0.9818641296176983,-0.9818641296176982,0.9818641296176981,0.49170454884132697,0.4603421884905319,0.9643564031965084,0.9704272382346617,-2.594420513537042,-6.835526126821596,300.0,300.0,nan,157.92155094444752,158.9697233978659
4,closed_form,nan,nan,nan,0.08587546286926898,0.09147887914514655,0.9989127954729582,0.9988321905156683,nan,nan,nan,nan,nan,0.00012779049575328827,158.9697233978659
5,vqbr,0.9993157346412176,0.9993157346412177,0.9993157346412176,0.1090045023658956,0.13486668051371917,0.9961940683599964,0.9923688258775194,1.7353868051694759,-6.037057966144371,300.0,300.0,nan,157.5374534148723,158.59304433315992
5,closed_form,nan,nan,nan,0.08636846906281936,0.10543722578419863,0.9976106346942459,0.9953358772958958,nan,nan,nan,nan,nan,0.00012476742267608643,158.59304433315992
6,vqbr,0.9999986922496055,0.9999986922496054,0.9999986922496054,0.09289230576814288,0.08919338089656459,0.9983921664334863,0.9989361969653884,2.503861881773195,-6.700208607097735,300.0,300.0,nan,157.67933842539787,158.68141335248947
6,closed_form,nan,nan,nan,0.0928757066976329,0.0896812451572783,0.9983927409947055,0.9989245276946638,nan,nan,nan,nan,nan,0.00012576952576637268,158.68141335248947
7,vqbr,0.9873889496580176,-0.9873889496580177,0.9873889496580177,0.3984576293195723,0.4614280783371043,0.9688732690162337,0.9692133980257074,-2.445730127264783,-6.603642307248677,300.0,300.0,nan,157.69267170876265,158.7564529273659
7,closed_form,nan,nan,nan,0.10023978722409717,0.11397597328369026,0.9980300759106063,0.9981216334769338,nan,nan,nan,nan,nan,0.0001249462366104126,158.7564529273659
8,vqbr,0.9999999999999992,0.9999999999999994,0.9999999999999991,0.10569928897459686,0.09419981586399528,0.9988873052283577,0.9991952625766222,2.9732323815404,-7.320690676534653,299.0,299.0,nan,157.23323965631425,158.28548205643892
8,closed_form,nan,nan,nan,0.10569929050717924,0.09419980544372607,0.9988873051960907,0.9991952627546603,nan,nan,nan,nan,nan,0.00012443587183952332,158.28548205643892
9,vqbr,0.9999999972680121,0.9999999972680124,0.9999999972680124,0.09711263312504105,0.10305756425960912,0.9989627849739318,0.9987414061570353,2.8458577631860233,-7.259551574056385,300.0,300.0,nan,157.9898651894182,159.05142236687243
9,closed_form,nan,nan,nan,0.09712284433950644,0.10308899723392663,0.9989625668399659,0.9987406382875168,nan,nan,nan,nan,nan,0.00012481771409511566,159.05142236687243
10,vqbr,0.9999969711936159,0.9999969711936157,0.999996971193616,0.08568238968476304,0.10198872395085817,0.9990984058436115,0.9989607461610572,2.974317365882521,-7.105491969665191,300.0,300.0,nan,157.8258247114718,158.8869901392609
10,closed_form,nan,nan,nan,0.08457088935634148,0.09836312447165353,0.9991216456779367,0.9990333217386144,nan,nan,nan,nan,nan,0.00012404657900333405,158.8869901392609
11,vqbr,0.9999450368358381,-0.9999450368358382,0.9999450368358381,0.09919071896437187,0.0954368402344515,0.9980788657214683,0.9985707414947762,-2.2968014664410745,-6.635207216277869,300.0,300.0,nan,157.78629521094263,158.84705402888358
11,closed_form,nan,nan,nan,0.0956634240304684,0.08807614600948473,0.9982130702169068,0.9987827065459701,nan,nan,nan,nan,nan,0.0001246575266122818,158.84705402888358
12,vqbr,0.9998197737426596,-0.9998197737426593,0.9998197737426593,0.10840450039440708,0.10913085706449664,0.9989059658952838,0.9989242916277951,-3.115292193027399,-7.391830348693659,300.0,300.0,nan,158.00418877229095,159.00275986641645
12,closed_form,nan,nan,nan,0.09816171732651816,0.09377588071821316,0.999102941983551,0.9992057051987694,nan,nan,nan,nan,nan,0.00012626871466636658,159.00275986641645
13,vqbr,0.9999999999999988,-0.9999999999999988,0.9999999999999988,0.1007269413667143,0.08804314862579193,0.9988355067623996,0.9990572525450858,-2.9222786419816322,-7.142508642064085,254.0,254.0,nan,133.89548442699015,134.95441286452115
13,closed_form,nan,nan,nan,0.10072693778976399,0.08804315150416998,0.998835506845105,0.9990572524834437,nan,nan,nan,nan,nan,0.0001232549548149109,134.95441286452115
14,vqbr,0.9999990166469406,0.9999990166469406,0.9999990166469408,0.09994542133469536,0.11084785306371024,0.9971456426466575,0.9963443867147026,1.9470256738244545,-6.225640941105793,300.0,300.0,nan,157.77357229962945,158.82881403155625
14,closed_form,nan,nan,nan,0.10002244806748241,0.11051409054269963,0.9971412413135974,0.9963663676517011,nan,nan,nan,nan,nan,0.00012361258268356323,158.82881403155625
15,vqbr,0.9999994900393633,-0.9999994900393634,0.9999994900393634,0.09154845458288315,0.10390311197577697,0.9963104759201247,0.9926711693893229,-1.6153143094226041,-5.867803013778241,300.0,300.0,nan,158.02529377676547,159.07698148488998
15,closed_form,nan,nan,nan,0.09165278307392892,0.10368975301081462,0.9963020619756131,0.9927012371366609,nan,nan,nan,nan,nan,0.00012487545609474182,159.07698148488998
16,vqbr,0.9999324964217539,-0.9999324964217539,0.999932496421754,0.11052799244318391,0.1021201421872822,0.999053552868798,0.9990565743496547,-3.362511986766536,-7.522727400062874,300.0,300.0,nan,157.63922907225788,158.7063653115183
16,closed_form,nan,nan,nan,0.10711879936431414,0.09274348931497442,0.9991110380180692,0.9992218707852373,nan,nan,nan,nan,nan,0.0001255180686712265,158.7063653115183
17,vqbr,0.9999999998326651,-0.9999999998326653,0.9999999998326652,0.10835944980721132,0.08933794927793938,0.9993628453423714,0.9995161758060889,-3.9586787623043542,-7.869522470540839,300.0,300.0,nan,157.9584260173142,159.01580923050642
17,closed_form,nan,nan,nan,0.10835732870661254,0.08934001264019667,0.9993628702863131,0.999516153456883,nan,nan,nan,nan,nan,0.00012350454926490784,159.01580923050642
18,vqbr,0.9999999891405883,-0.9999999891405882,0.9999999891405881,0.09391488770249505,0.11593027473466805,0.9985787559165242,0.9975379197425772,-2.322156208223116,-6.796821893660645,300.0,300.0,nan,158.09224396012723,159.16591197624803
18,closed_form,nan,nan,nan,0.09391668131198438,0.1159483414795223,0.9985787016294718,0.9975371522943506,nan,nan,nan,nan,nan,0.0001298747956752777,159.16591197624803
19,vqbr,0.9999989236547583,-0.9999989236547582,0.9999989236547583,0.08886641520075993,0.0848275268023811,0.998390380500269,0.9984955600815051,-2.2715365499667284,-6.571359938686035,300.0,300.0,nan,158.0595913361758,159.11541510745883
19,closed_form,nan,nan,nan,0.08875051555181666,0.08540145786107571,0.9983945762964508,0.9984751335572257,nan,nan,nan,nan,nan,0.0001290552318096161,159.11541510745883
