method,bin_left,bin_right,count
Direct MAP,0.08,0.09,5
Direct MAP,0.09,0.1,7
Direct MAP,0.1,0.11,3
Direct MAP,0.11,0.12,5
Direct MAP,0.12,0.13,0
Direct MAP,0.13,0.14,0
Direct MAP,0.14,0.15,0
Direct MAP,0.15,0.16,0
Direct MAP,0.16,0.17,0
Direct MAP,0.17,0.18,0
Direct MAP,0.18,0.19,0
Direct MAP,0.19,0.2,0
Direct MAP,0.2,0.21,0
Direct MAP,0.21,0.22,0
Direct MAP,0.22,0.23,0
Direct MAP,0.23,0.24,0
Direct MAP,0.24,0.25,0
Direct MAP,0.25,0.26,0
Direct MAP,0.26,0.27,0
Direct MAP,0.27,0.28,0
Direct MAP,0.28,0.29,0
Direct MAP,0.29,0.3,0
Direct MAP,0.3,0.31,0
Direct MAP,0.31,0.32,0
Direct MAP,0.32,0.33,0
Direct MAP,0.33,0.34,0
Direct MAP,0.34,0.35,0
Direct MAP,0.35,0.36,0
Direct MAP,0.36,0.37,0
Direct MAP,0.37,0.38,0
Direct MAP,0.38,0.39,0
Direct MAP,0.39,0.4,0
Direct MAP,0.4,0.41,0
Direct MAP,0.41,0.42,0
Direct MAP,0.42,0.43,0
Direct MAP,0.43,0.44,0
Direct MAP,0.44,0.45,0
Direct MAP,0.45,0.46,0
Direct MAP,0.46,0.47,0
Direct MAP,0.47,0.48,0
VQBR,0.08,0.09,4
VQBR,0.09,0.1,4
VQBR,0.1,0.11,5
VQBR,0.11,0.12,4
VQBR,0.12,0.13,0
VQBR,0.13,0.14,1
VQBR,0.14,0.15,0
VQBR,0.15,0.16,0
VQBR,0.16,0.17,0
VQBR,0.17,0.18,0
VQBR,0.18,0.19,0
VQBR,0.19,0.2,0
VQBR,0.2,0.21,0
VQBR,0.21,0.22,0
VQBR,0.22,0.23,0
VQBR,0.23,0.24,0
VQBR,0.24,0.25,0
VQBR,0.25,0.26,0
VQBR,0.26,0.27,0
VQBR,0.27,0.28,0
VQBR,0.28,0.29,0
VQBR,0.29,0.3,0
VQBR,0.3,0.31,0
VQBR,0.31,0.32,0
VQBR,0.32,0.33,0
VQBR,0.33,0.34,0
VQBR,0.34,0.35,0
VQBR,0.35,0.36,0
VQBR,0.36,0.37,0
VQBR,0.37,0.38,0
VQBR,0.38,0.39,0
VQBR,0.39,0.4,0
VQBR,0.4,0.41,0
VQBR,0.41,0.42,0
VQBR,0.42,0.43,0
VQBR,0.43,0.44,0
VQBR,0.44,0.45,0
VQBR,0.45,0.46,0
VQBR,0.46,0.47,2
VQBR,0.47,0.48,0
